sku,status,record_state,title_full,title_short,code_short,ensemble,scoring,format,price_net,price_gross,tags,source_title_xlsx,source_title_wix,source_title_erp,conflict_flags,conflict_notes
XW-001,review,EXTERNAL_ONLY,Versand Ö,Versand Ö,VERSAND_OE,,,PHYSICAL,3.55,3.91,,,,Versand Ö,NOT_IN_XLSX_SOT,
XW-002,review,EXTERNAL_ONLY,Gutschrift,Gutschrift,GUTSCHRIFT,,,PHYSICAL,0.00,0.00,,,,Gutschrift,NOT_IN_XLSX_SOT,
XW-003,review,EXTERNAL_ONLY,Händler-Versand ermäßigt Ö,Händler-Versand ermäßigt Ö,HAENDLER_VERSAND_ERMAESSIGT_,,,PHYSICAL,3.00,3.30,,,,Händler-Versand ermäßigt Ö,NOT_IN_XLSX_SOT,
XW-004,review,EXTERNAL_ONLY,Ton- und Bildaufnahme,Ton- und Bildaufnahme,TON_UND_BILDAUFNAHME,,,PHYSICAL,0.00,0.00,,,,Ton- und Bildaufnahme,NOT_IN_XLSX_SOT,
XW-005,review,EXTERNAL_ONLY,Express-Versand,Express-Versand,EXPRESS_VERSAND,,,PHYSICAL,5.36,5.90,,,,Express-Versand,NOT_IN_XLSX_SOT,
XW-006,review,EXTERNAL_ONLY,Versand EU,Versand EU,VERSAND_EU,,,PHYSICAL,5.36,5.90,,,,Versand EU,NOT_IN_XLSX_SOT,
XW-007,review,EXTERNAL_ONLY,Einzelstücke,Einzelstücke,EINZELSTUECKE_P,,,PRINT_AT_HOME,13.55,14.91,,,,Einzelstücke,NOT_IN_XLSX_SOT,
XW-008,review,EXTERNAL_ONLY,Ersatzheft,Ersatzheft,ERSATZHEFT,,,PHYSICAL,12.00,13.20,,,,Ersatzheft,NOT_IN_XLSX_SOT,
XW-009,review,EXTERNAL_ONLY,Transposition,Transposition,TRANSPOSITION,,,PHYSICAL,50.00,55.00,,,,Transposition,NOT_IN_XLSX_SOT,
XW-010,review,EXTERNAL_ONLY,Div. Noten unveröffentlicht,Div. Noten unveröffentlicht,DIV_NOTEN_UNVEROEFFENTLICHT,,,PHYSICAL,45.00,49.50,B2B,,Diverse Noten unveröffentlicht,Div. Noten unveröffentlicht,NOT_IN_XLSX_SOT|PRICE_DRIFT_WIX,"Wix gross=45.00, master gross=49.50"
XW-011,review,EXTERNAL_ONLY,Div. Noten nicht mehr erhältlich,Div. Noten nicht mehr erhältlich,DIV_NOTEN_NICHT_MEHR_ERHAELT,,,PHYSICAL,36.27,39.90,B2B,,Diverse Noten eingestellt,Div. Noten nicht mehr erhältlich,NOT_IN_XLSX_SOT,
XW-012,review,EXTERNAL_ONLY,Transkription,Transkription,TRANSKRIPTION,,,PHYSICAL,50.00,55.00,,,,Transkription,NOT_IN_XLSX_SOT,
XW-013,review,EXTERNAL_ONLY,Händler-Versand ermäßigt D,Händler-Versand ermäßigt D,HAENDLER_VERSAND_ERMAESSIGT_,,,PHYSICAL,5.00,5.50,,,,Händler-Versand ermäßigt D,NOT_IN_XLSX_SOT,
XW-014,review,EXTERNAL_ONLY,Händlerversand ermäßigt EU,Händlerversand ermäßigt EU,HAENDLERVERSAND_ERMAESSIGT_E,,,PHYSICAL,5.00,5.50,,,,Händlerversand ermäßigt EU,NOT_IN_XLSX_SOT,
XW-015,review,EXTERNAL_ONLY,Diverse Noten Bläser4tett,Diverse Noten Bläser4tett,DIVERSE_NOTEN_BLAESER4TETT,,,PHYSICAL,150.00,165.00,,,,Diverse Noten Bläser4tett,NOT_IN_XLSX_SOT,
XW-016,review,EXTERNAL_ONLY,Diverse Noten Kleine Besetzung [Kleine Besetzung],Diverse Noten Kleine Besetzung [Kl.Bes.],DIVERSE_NOTEN_KLEINE_BESETZU_KB_P,Kleine Besetzung,,PRINT_AT_HOME,175.00,192.50,,,,Diverse Noten Kleine Besetzung,NOT_IN_XLSX_SOT,
XW-017,review,EXTERNAL_ONLY,Zusatzstimme individuell,Zusatzstimme individuell,ZUSATZSTIMME_INDIVIDUELL_P,,,PRINT_AT_HOME,4.55,5.01,,,,Zusatzstimme individuell,NOT_IN_XLSX_SOT,
XW-018,review,EXTERNAL_ONLY,Div. Noten Bläser5tett,Div. Noten Bläser5tett,DIV_NOTEN_BLAESER5TETT_P,,,PRINT_AT_HOME,0.00,0.00,,,,Div. Noten Bläser5tett,NOT_IN_XLSX_SOT,
XW-019,review,EXTERNAL_ONLY,CT-AZV-Spesen (Schweiz),CT-AZV-Spesen (Schweiz),CT_AZV_SPESEN_SCHWEIZ,,,PHYSICAL,3.18,3.50,,,,CT-AZV-Spesen (Schweiz),NOT_IN_XLSX_SOT,
XW-020,review,EXTERNAL_ONLY,Diverse Noten Tanzlmusi,Diverse Noten Tanzlmusi,DIVERSE_NOTEN_TANZLMUSI,,,PHYSICAL,218.18,240.00,,,,Diverse Noten Tanzlmusi,NOT_IN_XLSX_SOT,
XW-021,review,EXTERNAL_ONLY,Diverse Noten Oberkrainer,Diverse Noten Oberkrainer,DIVERSE_NOTEN_OBERKRAINER_P,,,PRINT_AT_HOME,200.00,220.00,,,,Diverse Noten Oberkrainer,NOT_IN_XLSX_SOT,
XW-022,review,EXTERNAL_ONLY,Versand DEU,Versand DEU,VERSAND_DEU,,,PHYSICAL,5.36,5.90,,,,Versand DEU,NOT_IN_XLSX_SOT,
XW-023,review,EXTERNAL_ONLY,Diverse Noten XeisWorks,Diverse Noten XeisWorks,DIVERSE_NOTEN_XEISWORKS_P,,,PRINT_AT_HOME,0.00,0.00,,,,Diverse Noten XeisWorks,NOT_IN_XLSX_SOT,
XW-024,review,EXTERNAL_ONLY,Diverse Noten MusikHeroes,Diverse Noten MusikHeroes,DiverseNotenMusikHeroes,,,PHYSICAL,0.00,0.00,,,,Diverse Noten MusikHeroes,NOT_IN_XLSX_SOT,
XW-025,review,EXTERNAL_ONLY,Diverse Noten Mittlere Besetzung,Diverse Noten Mittlere Besetzung,DIVERSE_NOTEN_MITTLERE_BESET,,,PHYSICAL,250.00,275.00,,,,Diverse Noten Mittlere Besetzung,NOT_IN_XLSX_SOT,
XW-026,review,EXTERNAL_ONLY,Gutschein,Gutschein,GUTSCHEIN,,,PHYSICAL,0.00,0.00,,,,Gutschein,NOT_IN_XLSX_SOT,
XW-027,review,EXTERNAL_ONLY,Versand EU express,Versand EU express,VERSAND_EU_EXPRESS,,,PHYSICAL,6.82,7.50,,,,Versand EU express,NOT_IN_XLSX_SOT,
XW-028,review,EXTERNAL_ONLY,Rückerstattung Zugfahrt,Rückerstattung Zugfahrt,RUECKERSTATTUNG_ZUGFAHRT,,,PHYSICAL,0.00,0.00,,,,Rückerstattung Zugfahrt,NOT_IN_XLSX_SOT,
XW-029,review,EXTERNAL_ONLY,Rückerstattung Parkgarage,Rückerstattung Parkgarage,RUECKERSTATTUNG_PARKGARAGE,,,PHYSICAL,0.00,0.00,,,,Rückerstattung Parkgarage,NOT_IN_XLSX_SOT,
XW-030,review,EXTERNAL_ONLY,Diverse Noten Große Besetzung,Diverse Noten Große Besetzung,DIVERSE_NOTEN_GROSSE_BESETZU,,,PHYSICAL,300.00,330.00,,,,Diverse Noten Große Besetzung,NOT_IN_XLSX_SOT,
XW-031,review,EXTERNAL_ONLY,Nachsendung,Nachsendung,NACHSENDUNG,,,PHYSICAL,0.00,0.00,,,,Nachsendung,NOT_IN_XLSX_SOT,
XW-032,review,EXTERNAL_ONLY,Versand Japan < 2kg,Versand Japan < 2kg,VERSAND_JAPAN_2KG,,,PHYSICAL,22.73,25.00,,,,Versand Japan < 2kg,NOT_IN_XLSX_SOT,
XW-033,review,EXTERNAL_ONLY,Digital Delivery Handling,Digital Delivery Handling,DIGITAL_DELIVERY_HANDLING,,,PHYSICAL,6.36,7.00,B2B,,Digital Delivery Handling,Digital Delivery Handling,NOT_IN_XLSX_SOT|PRICE_DRIFT_WIX,"Wix gross=5.00, master gross=7.00"
XW-034,review,EXTERNAL_ONLY,Rückerstattung Hotel,Rückerstattung Hotel,RUECKERSTATTUNG_HOTEL,,,PHYSICAL,0.00,0.00,,,,Rückerstattung Hotel,NOT_IN_XLSX_SOT,
XW-035,review,EXTERNAL_ONLY,Händlerversand ermäßigt CH,Händlerversand ermäßigt CH,HAENDLERVERSAND_ERMAESSIGT_C,,,PHYSICAL,7.90,8.69,,,,Händlerversand ermäßigt CH,NOT_IN_XLSX_SOT,
XW-036,review,EXTERNAL_ONLY,B2B Downloads,B2B Downloads,B2B_DOWNLOADS,,,DIGITAL,0.00,0.00,,,,B2B Downloads,NOT_IN_XLSX_SOT,
XW-037,review,EXTERNAL_ONLY,B2B Print-Versionen,B2B Print-Versionen,B2B_PRINT_VERSIONEN,,,PHYSICAL,0.00,0.00,,,,B2B Print-Versionen,NOT_IN_XLSX_SOT,
XW-050,review,EXTERNAL_ONLY,Komposition Folk/Pop,Komposition Folk/Pop,KOMPOSITION_FOLK_POP,,,PHYSICAL,1000.00,1100.00,,,,Komposition Folk/Pop,NOT_IN_XLSX_SOT,
XW-060,review,EXTERNAL_ONLY,Recording,Recording,RECORDING,,,PHYSICAL,0.00,0.00,,,,Recording,NOT_IN_XLSX_SOT,
XW-070,review,EXTERNAL_ONLY,Künstlerischer Auftritt,Künstlerischer Auftritt,KUENSTLERISCHER_AUFTRITT,,,PHYSICAL,0.00,0.00,,,,Künstlerischer Auftritt,NOT_IN_XLSX_SOT,
XW-071,review,EXTERNAL_ONLY,Probenpauschale,Probenpauschale,PROBENPAUSCHALE,,,PHYSICAL,0.00,0.00,,,,Probenpauschale,NOT_IN_XLSX_SOT,
XW-072,review,EXTERNAL_ONLY,Fahrtkosten,Fahrtkosten,FAHRTKOSTEN,,,PHYSICAL,0.00,0.00,,,,Fahrtkosten,NOT_IN_XLSX_SOT,
XW-077,review,EXTERNAL_ONLY,Digital-Upgrade,Digital-Upgrade,Digital-Upgrade,,,DIGITAL,9.09,10.00,,,,Digital-Upgrade,NOT_IN_XLSX_SOT,
XW-080,review,EXTERNAL_ONLY,Arrangement,Arrangement,ARRANGEMENT,,,PHYSICAL,50.00,55.00,,,,Arrangement,NOT_IN_XLSX_SOT,
XW-090,review,EXTERNAL_ONLY,Workshop Musiknotation,Workshop Musiknotation,WORKSHOP_MUSIKNOTATION,,,PHYSICAL,700.00,770.00,,,,Workshop Musiknotation,NOT_IN_XLSX_SOT,
XW-098,review,EXTERNAL_ONLY,Licensing & Watermarking,Licensing & Watermarking,LICENSING_UND_WATERMARKING,,,DIGITAL,9.09,10.00,,,,Licensing & Watermarking,NOT_IN_XLSX_SOT,
XW-099,review,EXTERNAL_ONLY,Einzelstimme,Einzelstimme,EINZELSTIMME,,,DIGITAL,8.00,8.80,,,,Einzelstimme,NOT_IN_XLSX_SOT,
XW-100.1,review,EXTERNAL_ONLY,Zusatzstimme Volksmusik,Zusatzstimme Volksmusik,ZUSATZSTIMME_VOLKSMUSIK,,,DIGITAL,7.00,7.70,,,,Zusatzstimme Volksmusik,NOT_IN_XLSX_SOT,
XW-100.2,review,EXTERNAL_ONLY,Zusatzstimme Blech4er,Zusatzstimme Blech4er,ZUSATZSTIMME_BLECH4ER,,,DIGITAL,5.00,5.50,,,,Zusatzstimme Blech4er,NOT_IN_XLSX_SOT,
XW-101,live,ACTIVE,Volksmusik - Band 1,Volksmusik - Band 1,VOLKSMUSIK_BAND_1,,,PHYSICAL,39.00,42.90,B2B,Volksmusik - Band 1,Volksmusik frisch gewaschen #1,#1 Volksmusik,TITLE_DRIFT,ERP title differs
XW-101.3,live,ACTIVE,Volksmusik - Band 1 - Zusatzstimme Horn 1 in F,Volksmusik - Band 1 - Zusatzstimme Horn 1 in F,VOLKSMUSIK_BAND_1_ZUSATZSTIM,,,PHYSICAL,7.00,7.70,B2B,ZS - Horn 1 in F,Zusatzstimmen TanzlMusi GEDRUCKT [#1 Volksmusik frisch gewaschen],ZST #1 Volksmusik: Hrn.1,TITLE_DRIFT,ERP title differs
XW-101.3-D,review,EXTERNAL_ONLY,ZST VM#1: Hrn. 1 in F,ZST VM#1: Hrn. 1 in F,ZST_VM_1_HRN_1_IN_F,,,DIGITAL,7.00,7.70,,,,ZST VM#1: Hrn. 1 in F,NOT_IN_XLSX_SOT,
XW-101.4,live,ACTIVE,Volksmusik - Band 1 - Zusatzstimme Horn 2 in F,Volksmusik - Band 1 - Zusatzstimme Horn 2 in F,VOLKSMUSIK_BAND_1_ZUSATZSTIM,,,PHYSICAL,7.00,7.70,B2B,ZS - Horn 2 in F,Zusatzstimmen TanzlMusi GEDRUCKT [#1 Volksmusik frisch gewaschen],ZST #1 Volksmusik: Hrn.2,TITLE_DRIFT,ERP title differs
XW-101.4-D,review,EXTERNAL_ONLY,ZST VM#1: Hrn. 2 in F,ZST VM#1: Hrn. 2 in F,ZST_VM_1_HRN_2_IN_F,,,DIGITAL,7.00,7.70,,,,ZST VM#1: Hrn. 2 in F,NOT_IN_XLSX_SOT,
XW-101.5,live,ACTIVE,Volksmusik - Band 1 - Zusatzstimme Tuba in B,Volksmusik - Band 1 - Zusatzstimme Tuba in B,VOLKSMUSIK_BAND_1_ZUSATZSTIM,,,PHYSICAL,7.00,7.70,B2B,ZS - Tuba in Bb,Zusatzstimmen TanzlMusi GEDRUCKT [#1 Volksmusik frisch gewaschen],ZST #1 Volksmusik: Tb. in Bb,TITLE_DRIFT,ERP title differs
XW-101.5-D,review,EXTERNAL_ONLY,ZST VM#1: Tuba in B,ZST VM#1: Tuba in B,ZST_VM_1_TUBA_IN_B,,,DIGITAL,7.00,7.70,,,,ZST VM#1: Tuba in Bb,NOT_IN_XLSX_SOT,
XW-101.6,live,ACTIVE,Volksmusik - Band 1 - Zusatzstimme Hrn/Btp. 1 in Es,Volksmusik - Band 1 - Zusatzstimme Hrn/Btp. 1 in Es,VOLKSMUSIK_BAND_1_ZUSATZSTIM,,,DIGITAL,7.00,7.70,,ZS - Hrn/Btp. 1 in Es,,ZST VM#1: Btp./Hrn.1 in Es,TITLE_DRIFT,ERP title differs
XW-102,live,ACTIVE,Volksmusik - Band 2,Volksmusik - Band 2,VOLKSMUSIK_BAND_2,,,PHYSICAL,39.00,42.90,B2B,Volksmusik - Band 2,Volksmusik frisch gewaschen #2,#2 Volksmusik,TITLE_DRIFT,ERP title differs
XW-102.3,live,ACTIVE,Volksmusik - Band 2 - Zusatzstimme Horn 1 in F,Volksmusik - Band 2 - Zusatzstimme Horn 1 in F,VOLKSMUSIK_BAND_2_ZUSATZSTIM,,,PHYSICAL,7.00,7.70,B2B,ZS - Horn 1 in F,Zusatzstimmen TanzlMusi GEDRUCKT [#2 Volksmusik frisch gewaschen],ZST #2 Volksmusik: Hrn.1,TITLE_DRIFT,ERP title differs
XW-102.3-D,review,EXTERNAL_ONLY,VM#2 - 2.Stimme: Horn 1 in F,VM#2 - 2.Stimme: Horn 1 in F,VM_2_2_STIMME_HORN_1_IN_F,,,DIGITAL,7.20,7.92,,,,VM#2 - 2.Stimme: Horn 1 in F || ZST VM#2: Hrn.1 in F,NOT_IN_XLSX_SOT|DUPLICATE_ERP_SKU,ERP SKU appears 2x
XW-102.3_D,review,EXTERNAL_ONLY,VM#2 - 2.Stimme: Horn 1 in F,VM#2 - 2.Stimme: Horn 1 in F,VM_2_2_STIMME_HORN_1_IN_F_P,,,PRINT_AT_HOME,7.00,7.70,,,,VM#2 - 2.Stimme: Horn 1 in F,NOT_IN_XLSX_SOT,
XW-102.4,live,ACTIVE,Volksmusik - Band 2 - Zusatzstimme Horn 2 in F,Volksmusik - Band 2 - Zusatzstimme Horn 2 in F,VOLKSMUSIK_BAND_2_ZUSATZSTIM,,,PHYSICAL,7.00,7.70,B2B,ZS - Horn 2 in F,Zusatzstimmen TanzlMusi GEDRUCKT [#2 Volksmusik frisch gewaschen],ZST #2 Volksmusik: Hrn.2,TITLE_DRIFT,ERP title differs
XW-102.4-D,review,EXTERNAL_ONLY,ZST VM#2: Hrn.2 in F,ZST VM#2: Hrn.2 in F,ZST_VM_2_HRN_2_IN_F,,,DIGITAL,7.00,7.70,,,,ZST VM#2: Hrn.2 in F,NOT_IN_XLSX_SOT,
XW-102.5,live,ACTIVE,Volksmusik - Band 2 - Zusatzstimme Tuba in B,Volksmusik - Band 2 - Zusatzstimme Tuba in B,VOLKSMUSIK_BAND_2_ZUSATZSTIM,,,PHYSICAL,7.00,7.70,B2B,ZS - Tuba in Bb,Zusatzstimmen TanzlMusi GEDRUCKT [#2 Volksmusik frisch gewaschen],ZST #2 Volksmusik: Tb. in Bb,TITLE_DRIFT,ERP title differs
XW-102.5-D,review,EXTERNAL_ONLY,ZST VM#2: Tuba in B,ZST VM#2: Tuba in B,ZST_VM_2_TUBA_IN_B,,,DIGITAL,7.00,7.70,,,,ZST VM#2: Tuba in Bb,NOT_IN_XLSX_SOT,
XW-102.6,live,ACTIVE,Volksmusik - Band 2 - Zusatzstimme Hrn/Btp. 1 in Es,Volksmusik - Band 2 - Zusatzstimme Hrn/Btp. 1 in Es,VOLKSMUSIK_BAND_2_ZUSATZSTIM,,,DIGITAL,7.00,7.70,,ZS - Hrn/Btp. 1 in Es,,ZST VM#2: Btp./Hrn.1 in Es,TITLE_DRIFT,ERP title differs
XW-103,live,ACTIVE,Volksmusik - Band 3,Volksmusik - Band 3,VOLKSMUSIK_BAND_3,,,PHYSICAL,39.00,42.90,B2B,Volksmusik - Band 3,Volksmusik frisch gewaschen #3,#3 Volksmusik,TITLE_DRIFT,ERP title differs
XW-103.3,live,ACTIVE,Volksmusik - Band 3 - Zusatzstimme Horn 1 in F,Volksmusik - Band 3 - Zusatzstimme Horn 1 in F,VOLKSMUSIK_BAND_3_ZUSATZSTIM,,,PHYSICAL,7.00,7.70,B2B,ZS - Horn 1 in F,Zusatzstimmen TanzlMusi GEDRUCKT [#3 Volksmusik frisch gewaschen],ZST #3 Volksmusik: Hrn.1,TITLE_DRIFT,ERP title differs
XW-103.3-D,review,EXTERNAL_ONLY,ZST VM#3: Hrn.1 in F,ZST VM#3: Hrn.1 in F,ZST_VM_3_HRN_1_IN_F,,,DIGITAL,7.00,7.70,,,,ZST VM#3: Hrn.1 in F,NOT_IN_XLSX_SOT,
XW-103.4,live,ACTIVE,Volksmusik - Band 3 - Zusatzstimme Horn 2 in F,Volksmusik - Band 3 - Zusatzstimme Horn 2 in F,VOLKSMUSIK_BAND_3_ZUSATZSTIM,,,PHYSICAL,7.00,7.70,B2B,ZS - Horn 2 in F,Zusatzstimmen TanzlMusi GEDRUCKT [#3 Volksmusik frisch gewaschen],ZST #3 Volksmusik: Hrn.2,TITLE_DRIFT,ERP title differs
XW-103.4-D,review,EXTERNAL_ONLY,ZST VM#3: Hrn.2 in F,ZST VM#3: Hrn.2 in F,ZST_VM_3_HRN_2_IN_F,,,DIGITAL,7.00,7.70,,,,ZST VM#3: Hrn.2 in F,NOT_IN_XLSX_SOT,
XW-103.4_D,review,EXTERNAL_ONLY,VM#3 - 3.Stimme: Hrn.2 F,VM#3 - 3.Stimme: Hrn.2 F,VM_3_3_STIMME_HRN_2_F,,,DIGITAL,7.00,7.70,,,,VM#3 - 3.Stimme: Hrn.2 F,NOT_IN_XLSX_SOT,
XW-103.5,live,ACTIVE,Volksmusik - Band 3 - Zusatzstimme Tuba in B,Volksmusik - Band 3 - Zusatzstimme Tuba in B,VOLKSMUSIK_BAND_3_ZUSATZSTIM,,,PHYSICAL,7.00,7.70,B2B,ZS - Tuba in Bb,Zusatzstimmen TanzlMusi GEDRUCKT [#3 Volksmusik frisch gewaschen],ZST #3 Volksmusik: Tb. in Bb,TITLE_DRIFT,ERP title differs
XW-103.5-D,review,EXTERNAL_ONLY,ZST VM#3: Tuba in B,ZST VM#3: Tuba in B,ZST_VM_3_TUBA_IN_B,,,DIGITAL,7.00,7.70,,,,ZST VM#3: Tuba in Bb,NOT_IN_XLSX_SOT,
XW-103.6,live,ACTIVE,Volksmusik - Band 3 - Zusatzstimme Hrn/Btp. 1 in Es,Volksmusik - Band 3 - Zusatzstimme Hrn/Btp. 1 in Es,VOLKSMUSIK_BAND_3_ZUSATZSTIM,,,DIGITAL,7.00,7.70,,ZS - Hrn/Btp. 1 in Es,,ZST VM#1: Btp.1/Es,TITLE_DRIFT,ERP title differs
XW-104,live,ACTIVE,Volksmusik - Band 4,Volksmusik - Band 4,VOLKSMUSIK_BAND_4,,,PHYSICAL,39.00,42.90,B2B,Volksmusik - Band 4,Volksmusik frisch gewaschen #4,#4 Volksmusik,TITLE_DRIFT,ERP title differs
XW-104.3,live,ACTIVE,Volksmusik - Band 4 - Zusatzstimme Horn 1 in F,Volksmusik - Band 4 - Zusatzstimme Horn 1 in F,VOLKSMUSIK_BAND_4_ZUSATZSTIM,,,PHYSICAL,7.00,7.70,B2B,ZS - Horn 1 in F,Zusatzstimmen TanzlMusi GEDRUCKT [#4 Volksmusik frisch gewaschen],ZST #4 Volksmusik: Hrn.1,TITLE_DRIFT,ERP title differs
XW-104.3-D,review,EXTERNAL_ONLY,ZST VM#4: Hrn. 1 in F,ZST VM#4: Hrn. 1 in F,ZST_VM_4_HRN_1_IN_F,,,DIGITAL,7.00,7.70,,,,ZST VM#4: Hrn. 1 in F,NOT_IN_XLSX_SOT,
XW-104.4,live,ACTIVE,Volksmusik - Band 4 - Zusatzstimme Horn 2 in F,Volksmusik - Band 4 - Zusatzstimme Horn 2 in F,VOLKSMUSIK_BAND_4_ZUSATZSTIM,,,PHYSICAL,7.00,7.70,B2B,ZS - Horn 2 in F,Zusatzstimmen TanzlMusi GEDRUCKT [#4 Volksmusik frisch gewaschen],ZST #4 Volksmusik: Hrn.2,TITLE_DRIFT,ERP title differs
XW-104.4-D,review,EXTERNAL_ONLY,ZST VM#4: Hrn. 2 in F,ZST VM#4: Hrn. 2 in F,ZST_VM_4_HRN_2_IN_F,,,DIGITAL,7.00,7.70,,,,ZST VM#4: Hrn. 2 in F,NOT_IN_XLSX_SOT,
XW-104.5,live,ACTIVE,Volksmusik - Band 4 - Zusatzstimme Tuba in B,Volksmusik - Band 4 - Zusatzstimme Tuba in B,VOLKSMUSIK_BAND_4_ZUSATZSTIM,,,PHYSICAL,7.00,7.70,B2B,ZS - Tuba in Bb,Zusatzstimmen TanzlMusi GEDRUCKT [#4 Volksmusik frisch gewaschen],ZST #4 Volksmusik: Tb. in Bb,TITLE_DRIFT,ERP title differs
XW-104.5-D,review,EXTERNAL_ONLY,ZST VM#4: Tb. in B,ZST VM#4: Tb. in B,ZST_VM_4_TB_IN_B,,,DIGITAL,7.00,7.70,,,,ZST VM#4: Tb. in Bb,NOT_IN_XLSX_SOT,
XW-104.6,live,ACTIVE,Volksmusik - Band 4 - Zusatzstimme Hrn/Btp. 1 in Es,Volksmusik - Band 4 - Zusatzstimme Hrn/Btp. 1 in Es,VOLKSMUSIK_BAND_4_ZUSATZSTIM,,,DIGITAL,7.00,7.70,,ZS - Hrn/Btp. 1 in Es,,ZST VM#4: Btp.1/Es,TITLE_DRIFT,ERP title differs
XW-1201,live,ACTIVE,He Lippei,He Lippei,HE_LIPPEI_P,,,PRINT_AT_HOME,16.73,18.40,B2B,He Lippei,He Lippei,He Lippei,PRICE_DRIFT_WIX,"Wix gross=17.90, master gross=18.40"
XW-1202,live,ACTIVE,Kaserstatt,Kaserstatt,KASERSTATT,,,PHYSICAL,16.27,17.90,B2B,Kaserstatt,Kaserstatt Walzer,,TITLE_DRIFT,WIX title differs
XW-1203,live,ACTIVE,Schitouren Polka,Schitouren Polka,SCHITOUREN_POLKA_P,,,PRINT_AT_HOME,18.09,19.90,B2B,Schitouren Polka,Schitouren Polka,Schitouren Polka,PRICE_DRIFT_WIX,"Wix gross=17.90, master gross=19.90"
XW-200,live,ACTIVE,Ersatzheft [4-stimmig],Ersatzheft [4st],ERSATZHEFT_4ST,,4-stimmig,PHYSICAL,12.34,13.57,B2B,Ersatzheft,Ersatzheft,Ersatzheft,PRICE_DRIFT_WIX,"Wix gross=13.20, master gross=13.57"
XW-201.3,live,ACTIVE,#1 WeihnachtsBlech - Zusatzstimme Horn 1 in F [4-stimmig],#1 WeihnachtsBlech - Zusatzstimme Horn 1 in F [4st],1_WEIHNACHTSBLECH_ZUSATZSTIM_4ST,,4-stimmig,PHYSICAL,5.00,5.50,B2B,ZS - Horn 1 in F,Zusatzstimmen Blech4er GEDRUCKT [#1 WeihnachtsBlech],ZST #1 Weihn.Blech: Hrn.1,TITLE_DRIFT,ERP title differs
XW-201.3-D,review,EXTERNAL_ONLY,ZST #1 Weihn.Blech: Hrn.1,ZST #1 Weihn.Blech: Hrn.1,ZST_1_WEIHN_BLECH_HRN_1,,,DIGITAL,5.00,5.50,,,,ZST #1 Weihn.Blech: Hrn.1,NOT_IN_XLSX_SOT,
XW-201.4,live,ACTIVE,#1 WeihnachtsBlech - Zusatzstimme Horn 2 in F [4-stimmig],#1 WeihnachtsBlech - Zusatzstimme Horn 2 in F [4st],1_WEIHNACHTSBLECH_ZUSATZSTIM_4ST,,4-stimmig,PHYSICAL,5.00,5.50,B2B,ZS - Horn 2 in F,Zusatzstimmen Blech4er GEDRUCKT [#1 WeihnachtsBlech],ZST #1 Weihn.Blech: Hrn.2,TITLE_DRIFT,ERP title differs
XW-201.4-D,review,EXTERNAL_ONLY,ZST #1 Weihn.Blech: Hrn. 2,ZST #1 Weihn.Blech: Hrn. 2,ZST_1_WEIHN_BLECH_HRN_2,,,DIGITAL,5.00,5.50,,,,ZST #1 Weihn.Blech: Hrn. 2,NOT_IN_XLSX_SOT,
XW-201.5,live,ACTIVE,#1 WeihnachtsBlech - Zusatzstimme Tuba in B [4-stimmig],#1 WeihnachtsBlech - Zusatzstimme Tuba in B [4st],1_WEIHNACHTSBLECH_ZUSATZSTIM_4ST,,4-stimmig,PHYSICAL,5.00,5.50,B2B,ZS - Tuba in Bb,Zusatzstimmen Blech4er GEDRUCKT [#1 WeihnachtsBlech],ZST #1 Weihn.Blech: Tb. in Bb,TITLE_DRIFT,ERP title differs
XW-201.5-D,review,EXTERNAL_ONLY,ZST #1 Weihn.Blech: Tb. in B,ZST #1 Weihn.Blech: Tb. in B,ZST_1_WEIHN_BLECH_TB_IN_B,,,DIGITAL,5.00,5.50,,,,ZST #1 Weihn.Blech: Tb. in Bb,NOT_IN_XLSX_SOT,
XW-201.6,live,ACTIVE,#1 WeihnachtsBlech - Zusatzstimme Hrn/Btp. 1 in Es [4-stimmig],#1 WeihnachtsBlech - Zusatzstimme Hrn/Btp. 1 in Es [4st],1_WEIHNACHTSBLECH_ZUSATZSTIM_4ST,,4-stimmig,DIGITAL,5.00,5.50,,ZS - Hrn/Btp. 1 in Es,,ZST #1 Weihn.Blech: Btp.1/Es,TITLE_DRIFT,ERP title differs
XW-202.3,live,ACTIVE,#2 AlmenBlech - Zusatzstimme Horn 1 in F [4-stimmig],#2 AlmenBlech - Zusatzstimme Horn 1 in F [4st],2_ALMENBLECH_ZUSATZSTIMME_HO_4ST,,4-stimmig,PHYSICAL,5.00,5.50,B2B,ZS - Horn 1 in F,Zusatzstimmen Blech4er GEDRUCKT [#2 AlmenBlech],ZST #2 AlmenBlech: Hrn.1,TITLE_DRIFT,ERP title differs
XW-202.3-D,review,EXTERNAL_ONLY,ZST #2 AlmenBlech: Hrn.1,ZST #2 AlmenBlech: Hrn.1,ZST_2_ALMENBLECH_HRN_1,,,DIGITAL,5.00,5.50,,,,ZST #2 AlmenBlech: Hrn.1,NOT_IN_XLSX_SOT,
XW-202.4,live,ACTIVE,#2 AlmenBlech - Zusatzstimme Horn 2 in F [4-stimmig],#2 AlmenBlech - Zusatzstimme Horn 2 in F [4st],2_ALMENBLECH_ZUSATZSTIMME_HO_4ST,,4-stimmig,PHYSICAL,5.00,5.50,B2B,ZS - Horn 2 in F,Zusatzstimmen Blech4er GEDRUCKT [#2 AlmenBlech],ZST #2 AlmenBlech: Hrn.2,TITLE_DRIFT,ERP title differs
XW-202.4-D,review,EXTERNAL_ONLY,ZST #2 AlmenBlech: Hrn.2,ZST #2 AlmenBlech: Hrn.2,ZST_2_ALMENBLECH_HRN_2,,,DIGITAL,5.00,5.50,,,,ZST #2 AlmenBlech: Hrn.2,NOT_IN_XLSX_SOT,
XW-202.5,live,ACTIVE,#2 AlmenBlech - Zusatzstimme Tuba in B [4-stimmig],#2 AlmenBlech - Zusatzstimme Tuba in B [4st],2_ALMENBLECH_ZUSATZSTIMME_TU_4ST,,4-stimmig,PHYSICAL,5.00,5.50,B2B,ZS - Tuba in Bb,Zusatzstimmen Blech4er GEDRUCKT [#2 AlmenBlech],ZST #2 AlmenBlech: Tb. in Bb,TITLE_DRIFT,ERP title differs
XW-202.5-D,review,EXTERNAL_ONLY,ZST #2 AlmenBlech: Tb. in B,ZST #2 AlmenBlech: Tb. in B,ZST_2_ALMENBLECH_TB_IN_B,,,DIGITAL,5.00,5.50,,,,ZST #2 AlmenBlech: Tb. in Bb,NOT_IN_XLSX_SOT,
XW-203.3,live,ACTIVE,#3 KirchenBlech - Zusatzstimme Horn 1 in F [4-stimmig],#3 KirchenBlech - Zusatzstimme Horn 1 in F [4st],3_KIRCHENBLECH_ZUSATZSTIMME__4ST,,4-stimmig,PHYSICAL,5.00,5.50,B2B,ZS - Horn 1 in F,Zusatzstimmen Blech4er GEDRUCKT [#3 KirchenBlech],ZST #3 KirchenBlech: Hrn.1,TITLE_DRIFT,ERP title differs
XW-203.3-D,review,EXTERNAL_ONLY,ZST #3 KirchenBlech: Hrn.1,ZST #3 KirchenBlech: Hrn.1,ZST_3_KIRCHENBLECH_HRN_1,,,DIGITAL,5.00,5.50,,,,ZST #3 KirchenBlech: Hrn.1,NOT_IN_XLSX_SOT,
XW-203.4,live,ACTIVE,#3 KirchenBlech - Zusatzstimme Horn 2 in F [4-stimmig],#3 KirchenBlech - Zusatzstimme Horn 2 in F [4st],3_KIRCHENBLECH_ZUSATZSTIMME__4ST,,4-stimmig,PHYSICAL,5.00,5.50,B2B,ZS - Horn 2 in F,Zusatzstimmen Blech4er GEDRUCKT [#3 KirchenBlech],ZST #3 KirchenBlech: Hrn.2,TITLE_DRIFT,ERP title differs
XW-203.4-D,review,EXTERNAL_ONLY,ZST #3 KirchenBlech: Hrn.2,ZST #3 KirchenBlech: Hrn.2,ZST_3_KIRCHENBLECH_HRN_2,,,DIGITAL,5.00,5.50,,,,ZST #3 KirchenBlech: Hrn.2,NOT_IN_XLSX_SOT,
XW-203.5,live,ACTIVE,#3 KirchenBlech - Zusatzstimme Tuba in B [4-stimmig],#3 KirchenBlech - Zusatzstimme Tuba in B [4st],3_KIRCHENBLECH_ZUSATZSTIMME__4ST,,4-stimmig,PHYSICAL,5.00,5.50,B2B,ZS - Tuba in Bb,Zusatzstimmen Blech4er GEDRUCKT [#3 KirchenBlech],ZST #3 KirchenBlech: Tb. in Bb,TITLE_DRIFT,ERP title differs
XW-203.5-D,review,EXTERNAL_ONLY,ZST #3 KirchenBlech: Tb. in B,ZST #3 KirchenBlech: Tb. in B,ZST_3_KIRCHENBLECH_TB_IN_B,,,DIGITAL,5.00,5.50,,,,ZST #3 KirchenBlech: Tb. in Bb,NOT_IN_XLSX_SOT,
XW-203.6,live,ACTIVE,#3 KirchenBlech - Zusatzstimme Hrn/Btp. 1 in Es [4-stimmig],#3 KirchenBlech - Zusatzstimme Hrn/Btp. 1 in Es [4st],3_KIRCHENBLECH_ZUSATZSTIMME__4ST,,4-stimmig,DIGITAL,5.00,5.50,,ZS - Hrn/Btp. 1 in Es,,ZST #3 KirchenBlech: Hrn./Btp. 1 in Es,TITLE_DRIFT,ERP title differs
XW-204.3,live,ACTIVE,#4 HochzeitsBlech - Zusatzstimme Horn 1 in F [4-stimmig],#4 HochzeitsBlech - Zusatzstimme Horn 1 in F [4st],4_HOCHZEITSBLECH_ZUSATZSTIMM_4ST,,4-stimmig,PHYSICAL,5.00,5.50,B2B,ZS - Horn 1 in F,Zusatzstimmen Blech4er GEDRUCKT [#4 HochzeitsBlech],ZST #4 HochzeitsBlech: Hrn.1,TITLE_DRIFT,ERP title differs
XW-204.3-D,review,EXTERNAL_ONLY,ZST #4 Hochz.Blech: Hrn.1,ZST #4 Hochz.Blech: Hrn.1,ZST_4_HOCHZ_BLECH_HRN_1,,,DIGITAL,5.00,5.50,,,,ZST #4 Hochz.Blech: Hrn.1,NOT_IN_XLSX_SOT,
XW-204.4,live,ACTIVE,#4 HochzeitsBlech - Zusatzstimme Horn 2 in F [4-stimmig],#4 HochzeitsBlech - Zusatzstimme Horn 2 in F [4st],4_HOCHZEITSBLECH_ZUSATZSTIMM_4ST,,4-stimmig,PHYSICAL,5.00,5.50,B2B,ZS - Horn 2 in F,Zusatzstimmen Blech4er GEDRUCKT [#4 HochzeitsBlech],ZST #4 HochzeitsBlech: Hrn.2,TITLE_DRIFT,ERP title differs
XW-204.4-D,review,EXTERNAL_ONLY,ZST #4 Hochz.Blech: Hrn.2,ZST #4 Hochz.Blech: Hrn.2,ZST_4_HOCHZ_BLECH_HRN_2,,,DIGITAL,5.00,5.50,,,,ZST #4 Hochz.Blech: Hrn.2,NOT_IN_XLSX_SOT,
XW-204.5,live,ACTIVE,#4 HochzeitsBlech - Zusatzstimme Tuba in B [4-stimmig],#4 HochzeitsBlech - Zusatzstimme Tuba in B [4st],4_HOCHZEITSBLECH_ZUSATZSTIMM_4ST,,4-stimmig,PHYSICAL,5.00,5.50,B2B,ZS - Tuba in Bb,Zusatzstimmen Blech4er GEDRUCKT [#4 HochzeitsBlech],ZST #4 Hochz.Blech: Tb. in Bb,TITLE_DRIFT,ERP title differs
XW-204.5-D,review,EXTERNAL_ONLY,ZST #4 Hochz.Blech: Tb. in B,ZST #4 Hochz.Blech: Tb. in B,ZST_4_HOCHZ_BLECH_TB_IN_B,,,DIGITAL,5.00,5.50,,,,ZST #4 Hochz.Blech: Tb. in Bb,NOT_IN_XLSX_SOT,
XW-205.3,live,ACTIVE,#5 TrauerBlech - Zusatzstimme Horn 1 in F [4-stimmig],#5 TrauerBlech - Zusatzstimme Horn 1 in F [4st],5_TRAUERBLECH_ZUSATZSTIMME_H_4ST,,4-stimmig,PHYSICAL,5.00,5.50,B2B,ZS - Horn 1 in F,Zusatzstimmen Blech4er GEDRUCKT [#5 TrauerBlech],ZST #5 TrauerBlech: Hrn.1,TITLE_DRIFT,ERP title differs
XW-205.3-D,review,EXTERNAL_ONLY,ZST #5 TrauerBlech: Hrn.1,ZST #5 TrauerBlech: Hrn.1,ZST_5_TRAUERBLECH_HRN_1,,,DIGITAL,5.00,5.50,,,,ZST #5 TrauerBlech: Hrn.1,NOT_IN_XLSX_SOT,
XW-205.4,live,ACTIVE,#5 TrauerBlech - Zusatzstimme Horn 2 in F [4-stimmig],#5 TrauerBlech - Zusatzstimme Horn 2 in F [4st],5_TRAUERBLECH_ZUSATZSTIMME_H_4ST,,4-stimmig,PHYSICAL,5.00,5.50,B2B,ZS - Horn 2 in F,Zusatzstimmen Blech4er GEDRUCKT [#5 TrauerBlech],ZST #5 TrauerBlech: Hrn.2,TITLE_DRIFT,ERP title differs
XW-205.4-D,review,EXTERNAL_ONLY,ZST #5 TrauerBlech: Hrn.2,ZST #5 TrauerBlech: Hrn.2,ZST_5_TRAUERBLECH_HRN_2,,,DIGITAL,5.00,5.50,,,,ZST #5 TrauerBlech: Hrn.2,NOT_IN_XLSX_SOT,
XW-205.5,live,ACTIVE,#5 TrauerBlech - Zusatzstimme Tuba in B [4-stimmig],#5 TrauerBlech - Zusatzstimme Tuba in B [4st],5_TRAUERBLECH_ZUSATZSTIMME_T_4ST,,4-stimmig,PHYSICAL,5.00,5.50,B2B,ZS - Tuba in Bb,Zusatzstimmen Blech4er GEDRUCKT [#5 TrauerBlech],ZST #5 TrauerBlech: Tb. in Bb,TITLE_DRIFT,ERP title differs
XW-205.5-D,review,EXTERNAL_ONLY,ZST #5 TrauerBlech: Tb. in B,ZST #5 TrauerBlech: Tb. in B,ZST_5_TRAUERBLECH_TB_IN_B,,,DIGITAL,5.00,5.50,,,,ZST #5 TrauerBlech: Tb. in B,NOT_IN_XLSX_SOT,
XW-206,review,EXTERNAL_ONLY,#6 SonntagsBlech,#6 SonntagsBlech,6_SONNTAGSBLECH,,,PHYSICAL,29.00,31.90,B2B,,#6 SonntagsBlech,#6 SonntagsBlech,NOT_IN_XLSX_SOT,
XW-206.3,review,EXTERNAL_ONLY,ZST #6 Sonnt.Blech: Hrn.1,ZST #6 Sonnt.Blech: Hrn.1,ZST_6_SONNT_BLECH_HRN_1,,,PHYSICAL,5.00,5.50,B2B,,Zusatzstimmen Blech4er GEDRUCKT [#6 SonntagsBlech],ZST #6 Sonnt.Blech: Hrn.1,NOT_IN_XLSX_SOT,
XW-206.3-D,review,EXTERNAL_ONLY,ZST #6 Sonnt.Blech: Hrn.1,ZST #6 Sonnt.Blech: Hrn.1,ZST_6_SONNT_BLECH_HRN_1,,,DIGITAL,5.00,5.50,,,,ZST #6 Sonnt.Blech: Hrn.1,NOT_IN_XLSX_SOT,
XW-206.4,review,EXTERNAL_ONLY,ZST #6 Sonnt.Blech: Hrn.2,ZST #6 Sonnt.Blech: Hrn.2,ZST_6_SONNT_BLECH_HRN_2,,,PHYSICAL,5.00,5.50,B2B,,Zusatzstimmen Blech4er GEDRUCKT [#6 SonntagsBlech],ZST #6 Sonnt.Blech: Hrn.2,NOT_IN_XLSX_SOT,
XW-206.4-D,review,EXTERNAL_ONLY,ZST #6 Sonnt.Blech: Hrn.2,ZST #6 Sonnt.Blech: Hrn.2,ZST_6_SONNT_BLECH_HRN_2,,,DIGITAL,5.00,5.50,,,,ZST #6 Sonnt.Blech: Hrn.2,NOT_IN_XLSX_SOT,
XW-206.5,review,EXTERNAL_ONLY,ZST #6 Sonnt.Blech: Tb. in B,ZST #6 Sonnt.Blech: Tb. in B,ZST_6_SONNT_BLECH_TB_IN_B,,,PHYSICAL,5.00,5.50,B2B,,Zusatzstimmen Blech4er GEDRUCKT [#6 SonntagsBlech],ZST #6 Sonnt.Blech: Tb. in Bb,NOT_IN_XLSX_SOT,
XW-206.5-D,review,EXTERNAL_ONLY,ZST #6 Sonnt.Blech: Tb. in B,ZST #6 Sonnt.Blech: Tb. in B,ZST_6_SONNT_BLECH_TB_IN_B,,,DIGITAL,5.00,5.50,,,,ZST #6 Sonnt.Blech: Tb. in Bb,NOT_IN_XLSX_SOT,
XW-301,live,ACTIVE,#1 WeihnachtsBlech [Register-4er],#1 WeihnachtsBlech [Reg4],1_WEIHNACHTSBLECH_REG4,,Register-4er,DIGITAL,29.00,31.90,,#1 WeihnachtsBlech [SECTION],,#1 WeihnachtsBlech [Reg4er],TITLE_DRIFT,ERP title differs
XW-302,live,ACTIVE,#2 AlmenBlech [Register-4er],#2 AlmenBlech [Reg4],2_ALMENBLECH_REG4,,Register-4er,DIGITAL,29.00,31.90,,#2 AlmenBlech [SECTION],,#2 AlmenBlech [Reg4er],TITLE_DRIFT,ERP title differs
XW-303,review,EXTERNAL_ONLY,#3 KirchenBlech,#3 KirchenBlech,3_KIRCHENBLECH,,,DIGITAL,29.00,31.90,,,,#3 KirchenBlech [Reg4er],NOT_IN_XLSX_SOT,
XW-305,review,EXTERNAL_ONLY,#5 TrauerBlech,#5 TrauerBlech,5_TRAUERBLECH,,,DIGITAL,29.00,31.90,,,,#5 TrauerBlech [Reg4er],NOT_IN_XLSX_SOT,
XW-306,review,EXTERNAL_ONLY,#6 SonntagsBlech,#6 SonntagsBlech,6_SONNTAGSBLECH,,,DIGITAL,29.00,31.90,,,,#6 SonntagsBlech [Reg4er],NOT_IN_XLSX_SOT,
XW-400,review,EXTERNAL_ONLY,Div. Blechhaufn-Noten,Div. Blechhaufn-Noten,DIV_BLECHHAUFN_NOTEN,,,PHYSICAL,22.64,24.90,,,,Div. Blechhaufn-Noten,NOT_IN_XLSX_SOT,
XW-400.1,review,EXTERNAL_ONLY,Zusatzstimme BH-Noten,Zusatzstimme BH-Noten,ZUSATZSTIMME_BH_NOTEN,,,PHYSICAL,2.27,2.50,,,,Zusatzstimme BH-Noten,NOT_IN_XLSX_SOT,
XW-401,review,EXTERNAL_ONLY,#1 Kirchen-7er,#1 Kirchen-7er,1_KIRCHEN_7ER,,,DIGITAL,18.09,19.90,,,,#1 Kirchen-7er,NOT_IN_XLSX_SOT,
XW-401.2,review,EXTERNAL_ONLY,#1 Kirchen-7er,#1 Kirchen-7er,1_KIRCHEN_7ER_P,,,PRINT_AT_HOME,22.64,24.90,,,,#1 Kirchen-7er,NOT_IN_XLSX_SOT,
XW-401.4,review,EXTERNAL_ONLY,ZST Kirchen7er: Hrn1 in F,ZST Kirchen7er: Hrn1 in F,ZST_KIRCHEN7ER_HRN1_IN_F,,,PHYSICAL,2.50,2.75,,,,ZST Kirchen7er: Hrn1 in F,NOT_IN_XLSX_SOT,
XW-401.5,review,EXTERNAL_ONLY,ZST Kirchen7er: Hrn.2 in F,ZST Kirchen7er: Hrn.2 in F,ZST_KIRCHEN7ER_HRN_2_IN_F,,,PHYSICAL,2.50,2.75,,,,ZST Kirchen7er: Hrn.2 in F,NOT_IN_XLSX_SOT,
XW-401.6,review,EXTERNAL_ONLY,ZST Kirchen7er: Hrn.3 in F,ZST Kirchen7er: Hrn.3 in F,ZST_KIRCHEN7ER_HRN_3_IN_F,,,PHYSICAL,2.50,2.75,,,,ZST Kirchen7er: Hrn.3 in F,NOT_IN_XLSX_SOT,
XW-402,review,EXTERNAL_ONLY,#2 Advent-7er,#2 Advent-7er,2_ADVENT_7ER,,,DIGITAL,18.09,19.90,,,,#2 Advent-7er,NOT_IN_XLSX_SOT,
XW-402.2,review,EXTERNAL_ONLY,#2 Advent-7er,#2 Advent-7er,2_ADVENT_7ER_P,,,PRINT_AT_HOME,22.64,24.90,,,,#2 Advent-7er,NOT_IN_XLSX_SOT,
XW-403,review,EXTERNAL_ONLY,In Gedanken bin i bei dir,In Gedanken bin i bei dir,IN_GEDANKEN_BIN_I_BEI_DIR_P,,,PRINT_AT_HOME,22.64,24.90,B2B,,In Gedanken bin i bei dir,In Gedanken bin i bei dir,NOT_IN_XLSX_SOT,
XW-403.2,review,EXTERNAL_ONLY,In Gedanken bin i bei dir,In Gedanken bin i bei dir,IN_GEDANKEN_BIN_I_BEI_DIR_P,,,PRINT_AT_HOME,22.64,24.90,,,,In Gedanken bin i bei dir,NOT_IN_XLSX_SOT,
XW-404,review,EXTERNAL_ONLY,Übermorgen,Übermorgen,UEBERMORGEN,,,PHYSICAL,19.91,21.90,B2B,,Übermorgen,Übermorgen,NOT_IN_XLSX_SOT,
XW-405,review,EXTERNAL_ONLY,Bin's a junger Witwer,Bin's a junger Witwer,BIN_S_A_JUNGER_WITWER,,,PHYSICAL,19.91,21.90,B2B,,Bin's a junger Witwer,Bin's a junger Witwer,NOT_IN_XLSX_SOT,
XW-405.2,review,EXTERNAL_ONLY,Bin's a junger Witwer,Bin's a junger Witwer,BIN_S_A_JUNGER_WITWER,,,PHYSICAL,19.91,21.90,,,,Bin's a junger Witwer,NOT_IN_XLSX_SOT,
XW-406,review,EXTERNAL_ONLY,Urlaubspolka,Urlaubspolka,URLAUBSPOLKA,,,PHYSICAL,19.91,21.90,B2B,,Urlaubspolka,Urlaubspolka,NOT_IN_XLSX_SOT,
XW-406.2,review,EXTERNAL_ONLY,Urlaubspolka,Urlaubspolka,URLAUBSPOLKA,,,PHYSICAL,19.91,21.90,,,,Urlaubspolka,NOT_IN_XLSX_SOT,
XW-407,review,EXTERNAL_ONLY,30'er-Polka,30'er-Polka,30_ER_POLKA,,,PHYSICAL,19.91,21.90,B2B,,30'er-Polka,,NOT_IN_XLSX_SOT,
XW-407.2,review,EXTERNAL_ONLY,30er-Polka,30er-Polka,30ER_POLKA,,,PHYSICAL,19.91,21.90,,,,30er-Polka,NOT_IN_XLSX_SOT,
XW-408,review,EXTERNAL_ONLY,Pfoarramadl,Pfoarramadl,PFOARRAMADL,,,PHYSICAL,19.91,21.90,B2B,,Pfoarramadl,,NOT_IN_XLSX_SOT,
XW-408.2,review,EXTERNAL_ONLY,Pfoarramadl,Pfoarramadl,PFOARRAMADL,,,PHYSICAL,19.91,21.90,,,,Pfoarramadl,NOT_IN_XLSX_SOT,
XW-4083,live,ACTIVE,Song for Julia [7-stimmig],Song for Julia [7st],SONG_FOR_JULIA_7ST,,7-stimmig,PHYSICAL,20.75,22.83,B2B,Song for Julia,Song for Julia,Song for Julia,PRICE_DRIFT_WIX,"Wix gross=24.90, master gross=22.83"
XW-409,review,EXTERNAL_ONLY,Am Kamin,Am Kamin,AM_KAMIN,,,PHYSICAL,19.91,21.90,B2B,,Am Kamin,Am Kamin,NOT_IN_XLSX_SOT,
XW-409.1,review,EXTERNAL_ONLY,Am Kamin,Am Kamin,AM_KAMIN,,,PHYSICAL,19.91,21.90,,,,Am Kamin,NOT_IN_XLSX_SOT,
XW-409.2,review,EXTERNAL_ONLY,Am Kamin,Am Kamin,AM_KAMIN,,,PHYSICAL,19.91,21.90,,,,Am Kamin,NOT_IN_XLSX_SOT,
XW-410,review,EXTERNAL_ONLY,Anna-Polka,Anna-Polka,ANNA_POLKA,,,PHYSICAL,19.91,21.90,B2B,,Anna Polka,Anna-Polka,NOT_IN_XLSX_SOT,
XW-410.2,review,EXTERNAL_ONLY,Anna-Polka,Anna-Polka,ANNA_POLKA,,,PHYSICAL,19.91,21.90,,,,Anna-Polka,NOT_IN_XLSX_SOT,
XW-411,review,EXTERNAL_ONLY,April Polka,April Polka,APRIL_POLKA,,,PHYSICAL,22.64,24.90,B2B,,April Polka,April Polka,NOT_IN_XLSX_SOT,
XW-411.2,review,EXTERNAL_ONLY,April Polka,April Polka,APRIL_POLKA,,,PHYSICAL,22.64,24.90,,,,April Polka,NOT_IN_XLSX_SOT,
XW-412,review,EXTERNAL_ONLY,Auf da Hulzgstett'n,Auf da Hulzgstett'n,AUF_DA_HULZGSTETT_N,,,PHYSICAL,19.91,21.90,B2B,,Auf da Hulzg'stettn,Auf da Hulzgstett'n,NOT_IN_XLSX_SOT,
XW-412.1,review,EXTERNAL_ONLY,Auf da Hulzgs'tettn,Auf da Hulzgs'tettn,AUF_DA_HULZGS_TETTN,,,DIGITAL,18.09,19.90,,,,Auf da Hulzgs'tettn,NOT_IN_XLSX_SOT,
XW-413,review,EXTERNAL_ONLY,Bagatelle,Bagatelle,BAGATELLE,,,PHYSICAL,22.64,24.90,B2B,,Bagatelle,,NOT_IN_XLSX_SOT,
XW-413.2,review,EXTERNAL_ONLY,Bagatelle,Bagatelle,BAGATELLE,,,PHYSICAL,22.64,24.90,,,,Bagatelle,NOT_IN_XLSX_SOT,
XW-414,review,EXTERNAL_ONLY,Banjo Boy,Banjo Boy,BANJO_BOY,,,PHYSICAL,22.64,24.90,B2B,,Banjo Boy,Banjo Boy,NOT_IN_XLSX_SOT,
XW-415,review,EXTERNAL_ONLY,BH Polka,BH Polka,BH_POLKA,,,PHYSICAL,22.64,24.90,B2B,,BH Polka,BH Polka,NOT_IN_XLSX_SOT,
XW-416,review,EXTERNAL_ONLY,Blondinen Walzer,Blondinen Walzer,BLONDINEN_WALZER,,,PHYSICAL,22.64,24.90,B2B,,Blondinen Walzer,Blondinen Walzer,NOT_IN_XLSX_SOT,
XW-416.2,review,EXTERNAL_ONLY,Blondinen Walzer,Blondinen Walzer,BLONDINEN_WALZER,,,PHYSICAL,22.64,24.90,,,,Blondinen Walzer,NOT_IN_XLSX_SOT,
XW-417,review,EXTERNAL_ONLY,Breznicka Polka,Breznicka Polka,BREZNICKA_POLKA,,,PHYSICAL,22.64,24.90,B2B,,Breznicka Polka,Breznicka Polka,NOT_IN_XLSX_SOT,
XW-418,review,EXTERNAL_ONLY,Das Glühwürmchen,Das Glühwürmchen,DAS_GLUEHWUERMCHEN,,,DIGITAL,18.09,19.90,B2B,,Das Glühwürmchen,Das Glühwürmchen,NOT_IN_XLSX_SOT|PRICE_DRIFT_WIX,"Wix gross=21.90, master gross=19.90"
XW-418.2,review,EXTERNAL_ONLY,Das Glühwürmchen,Das Glühwürmchen,DAS_GLUEHWUERMCHEN,,,PHYSICAL,19.91,21.90,,,,Das Glühwürmchen,NOT_IN_XLSX_SOT,
XW-419,review,EXTERNAL_ONLY,Das Oppossum,Das Oppossum,DAS_OPPOSSUM,,,DIGITAL,18.09,19.90,B2B,,Das Oppossum,Das Oppossum,NOT_IN_XLSX_SOT|PRICE_DRIFT_WIX,"Wix gross=21.90, master gross=19.90"
XW-420,review,EXTERNAL_ONLY,Der Feuersalamander,Der Feuersalamander,DER_FEUERSALAMANDER,,,PHYSICAL,19.91,21.90,B2B,,Der Feuersalamander,,NOT_IN_XLSX_SOT,
XW-421,review,EXTERNAL_ONLY,Der Schließer,Der Schließer,DER_SCHLIESSER,,,PHYSICAL,22.64,24.90,B2B,,Der Schließer,Der Schließer,NOT_IN_XLSX_SOT,
XW-422,review,EXTERNAL_ONLY,Der Schmetterling,Der Schmetterling,DER_SCHMETTERLING,,,PHYSICAL,19.91,21.90,B2B,,Der Schmetterling,Der Schmetterling,NOT_IN_XLSX_SOT,
XW-423,review,EXTERNAL_ONLY,Die Akute,Die Akute,DIE_AKUTE,,,PHYSICAL,22.64,24.90,B2B,,Die Akute,,NOT_IN_XLSX_SOT,
XW-424,review,EXTERNAL_ONLY,Erinnerungen an Brennberg,Erinnerungen an Brennberg,ERINNERUNGEN_AN_BRENNBERG,,,DIGITAL,18.09,19.90,,,,Erinnerungen an Brennberg,NOT_IN_XLSX_SOT,
XW-424.2,review,EXTERNAL_ONLY,Erinnerungen an Brennberg,Erinnerungen an Brennberg,ERINNERUNGEN_AN_BRENNBERG,,,PHYSICAL,19.91,21.90,,,,Erinnerungen an Brennberg,NOT_IN_XLSX_SOT,
XW-424.3,review,EXTERNAL_ONLY,Erinnerungen an Brennberg,Erinnerungen an Brennberg,ERINNERUNGEN_AN_BRENNBERG,,,PHYSICAL,22.64,24.90,,,,Erinnerungen an Brennberg,NOT_IN_XLSX_SOT,
XW-425,review,EXTERNAL_ONLY,Fliegermarsch,Fliegermarsch,FLIEGERMARSCH,,,PHYSICAL,22.64,24.90,B2B,,Fliegermarsch,Fliegermarsch,NOT_IN_XLSX_SOT,
XW-426,review,EXTERNAL_ONLY,Arnhem,Arnhem,ARNHEM_P,,,PRINT_AT_HOME,22.64,24.90,B2B,,Arnhem,Arnhem,NOT_IN_XLSX_SOT,
XW-427,review,EXTERNAL_ONLY,Für Oma,Für Oma,FUER_OMA,,,DIGITAL,18.09,19.90,B2B,,Für Oma,Für Oma,NOT_IN_XLSX_SOT|PRICE_DRIFT_WIX,"Wix gross=24.90, master gross=19.90"
XW-427.2,review,EXTERNAL_ONLY,Für Oma,Für Oma,FUER_OMA,,,PHYSICAL,22.64,24.90,,,,Für Oma,NOT_IN_XLSX_SOT,
XW-428,review,EXTERNAL_ONLY,Für schöne Stunden,Für schöne Stunden,FUER_SCHOENE_STUNDEN,,,DIGITAL,18.09,19.90,B2B,,Für schöne Stunden,Für schöne Stunden,NOT_IN_XLSX_SOT|PRICE_DRIFT_WIX,"Wix gross=21.90, master gross=19.90"
XW-428.2,review,EXTERNAL_ONLY,Für schöne Stunden,Für schöne Stunden,FUER_SCHOENE_STUNDEN,,,PHYSICAL,19.91,21.90,,,,Für schöne Stunden,NOT_IN_XLSX_SOT,
XW-429,review,EXTERNAL_ONLY,Hinter der Garage,Hinter der Garage,HINTER_DER_GARAGE,,,DIGITAL,18.09,19.90,,,,Hinter der Garage,NOT_IN_XLSX_SOT,
XW-429.2,review,EXTERNAL_ONLY,Hinter der Garage,Hinter der Garage,HINTER_DER_GARAGE,,,PHYSICAL,22.64,24.90,,,,Hinter der Garage,NOT_IN_XLSX_SOT,
XW-430,review,EXTERNAL_ONLY,Hochzeitswalzer Nr. 2,Hochzeitswalzer Nr. 2,HOCHZEITSWALZER_NR_2,,,PHYSICAL,22.64,24.90,B2B,,Hochzeitswalzer Nr. 2,,NOT_IN_XLSX_SOT,
XW-431,review,EXTERNAL_ONLY,Kolo,Kolo,KOLO,,,PHYSICAL,22.64,24.90,B2B,,Kolo,Kolo,NOT_IN_XLSX_SOT,
XW-431.2,review,EXTERNAL_ONLY,Kolo,Kolo,KOLO,,,PHYSICAL,22.64,24.90,,,,Kolo,NOT_IN_XLSX_SOT,
XW-432,review,EXTERNAL_ONLY,Leckmicha Marsch,Leckmicha Marsch,LECKMICHA_MARSCH,,,PHYSICAL,22.64,24.90,B2B,,Leckmicha Marsch,Leckmicha Marsch,NOT_IN_XLSX_SOT,
XW-433,review,EXTERNAL_ONLY,Meine Mutti hat gesagt,Meine Mutti hat gesagt,MEINE_MUTTI_HAT_GESAGT,,,PHYSICAL,19.91,21.90,B2B,,Meine Mutti hat gesagt,Meine Mutti hat gesagt,NOT_IN_XLSX_SOT,
XW-434,review,EXTERNAL_ONLY,Milacek,Milacek,MILACEK,,,PHYSICAL,18.09,19.90,B2B,,Milacek,Milacek,NOT_IN_XLSX_SOT|PRICE_DRIFT_WIX,"Wix gross=24.90, master gross=19.90"
XW-435,review,EXTERNAL_ONLY,Pepi do?,Pepi do?,PEPI_DO_P,,,PRINT_AT_HOME,22.64,24.90,B2B,,Pepi do?,Pepi do?,NOT_IN_XLSX_SOT,
XW-436,review,EXTERNAL_ONLY,Pix,Pix,PIX,,,PHYSICAL,22.64,24.90,B2B,,Pix,Pix,NOT_IN_XLSX_SOT,
XW-437,review,EXTERNAL_ONLY,Praise You,Praise You,PRAISE_YOU,,,PHYSICAL,22.64,24.90,B2B,,Praise You,Praise You,NOT_IN_XLSX_SOT,
XW-438,review,EXTERNAL_ONLY,Retuschen-Boarischer,Retuschen-Boarischer,RETUSCHEN_BOARISCHER,,,DIGITAL,18.09,19.90,B2B,,Retuschen Boarischer,Retuschen-Boarischer,NOT_IN_XLSX_SOT|PRICE_DRIFT_WIX,"Wix gross=24.90, master gross=19.90"
XW-438.2,review,EXTERNAL_ONLY,Retuschen-Boarischer,Retuschen-Boarischer,RETUSCHEN_BOARISCHER_P,,,PRINT_AT_HOME,22.64,24.90,,,,Retuschen-Boarischer,NOT_IN_XLSX_SOT,
XW-439,review,EXTERNAL_ONLY,Schöne Maderl,Schöne Maderl,SCHOENE_MADERL,,,PHYSICAL,19.91,21.90,B2B,,Schöne Maderl,Schöne Maderl,NOT_IN_XLSX_SOT,
XW-440,review,EXTERNAL_ONLY,S'is Feiaombd,S'is Feiaombd,S_IS_FEIAOMBD,,,PHYSICAL,22.64,24.90,B2B,,S'is Feiaombd,S'is Feiaombd,NOT_IN_XLSX_SOT,
XW-441,review,EXTERNAL_ONLY,Urlaubspolka,Urlaubspolka,URLAUBSPOLKA,,,DIGITAL,18.09,19.90,,,,Urlaubspolka,NOT_IN_XLSX_SOT,
XW-442,review,EXTERNAL_ONLY,Vorgestern,Vorgestern,VORGESTERN,,,PHYSICAL,19.91,21.90,B2B,,Vorgestern,Vorgestern,NOT_IN_XLSX_SOT,
XW-442.1,review,EXTERNAL_ONLY,Vorgestern,Vorgestern,VORGESTERN,,,DIGITAL,18.09,19.90,,,,Vorgestern,NOT_IN_XLSX_SOT,
XW-443,review,EXTERNAL_ONLY,Champions League-Fanfare,Champions League-Fanfare,CHAMPIONS_LEAGUE_FANFARE,,,PHYSICAL,19.91,21.90,B2B,,Champions League - Fanfare,Champions League-Fanfare,NOT_IN_XLSX_SOT|PRICE_DRIFT_WIX,"Wix gross=24.90, master gross=21.90"
XW-443.2,review,EXTERNAL_ONLY,Champions League-Fanfare,Champions League-Fanfare,CHAMPIONS_LEAGUE_FANFARE,,,PHYSICAL,22.64,24.90,,,,Champions League-Fanfare,NOT_IN_XLSX_SOT,
XW-444,review,EXTERNAL_ONLY,Aeronauten-Marsch,Aeronauten-Marsch,AERONAUTEN_MARSCH,,,PHYSICAL,19.91,21.90,,,,Aeronauten-Marsch,NOT_IN_XLSX_SOT,
XW-445,review,EXTERNAL_ONLY,Gabriella's Song,Gabriella's Song,GABRIELLA_S_SONG,,,PHYSICAL,22.64,24.90,,,,Gabriella's Song,NOT_IN_XLSX_SOT,
XW-446.2,review,EXTERNAL_ONLY,The Lion sleeps tonight,The Lion sleeps tonight,THE_LION_SLEEPS_TONIGHT,,,PHYSICAL,22.64,24.90,,,,The Lion sleeps tonight,NOT_IN_XLSX_SOT,
XW-447.2,review,EXTERNAL_ONLY,Kannst du Knödel kochen,Kannst du Knödel kochen,KANNST_DU_KNOEDEL_KOCHEN,,,PHYSICAL,22.64,24.90,,,,Kannst du Knödel kochen,NOT_IN_XLSX_SOT,
XW-448,review,EXTERNAL_ONLY,Entschwunden,Entschwunden,ENTSCHWUNDEN,,,PHYSICAL,22.64,24.90,,,,Entschwunden,NOT_IN_XLSX_SOT,
XW-449,review,EXTERNAL_ONLY,6 kleine Stücke... / A.Wieder,6 kleine Stücke... / A.Wieder,6_KLEINE_STUECKE_A_WIEDER,,,PHYSICAL,22.64,24.90,,,,6 kleine Stücke... / A.Wieder,NOT_IN_XLSX_SOT,
XW-450,review,EXTERNAL_ONLY,Trag mi Wind,Trag mi Wind,TRAG_MI_WIND,,,PHYSICAL,25.36,27.90,B2B,,"Trag mi, Wind",Trag mi Wind,NOT_IN_XLSX_SOT,
XW-4502,live,ACTIVE,Boot Ouverture,Boot Ouverture,BOOT_OUVERTURE,,,PHYSICAL,22.64,24.90,B2B,Boot Ouverture,Das Trojanische Boot,Boot Ouverture,TITLE_DRIFT,WIX title differs
XW-4506.1,live,ACTIVE,Hungarische Schnapsodie [7-stimmig],Hungarische Schnapsodie [7st],HUNGARISCHE_SCHNAPSODIE_7ST,,7-stimmig,PHYSICAL,22.64,24.90,B2B,Hungarische Schnapsodie 7tett,Hungarische Schnapsodie [7-stimmig],Hungarische Schnapsodie,TITLE_DRIFT,ERP title differs
XW-4506.2,live,ACTIVE,Hungarische Schnapsodie [5-stimmig],Hungarische Schnapsodie [5st],HUNGARISCHE_SCHNAPSODIE_5ST,,5-stimmig,PHYSICAL,19.00,20.90,B2B,Hungarische Schnapsodie 5tett,Hungarische Schnapsodie [5-stimmig],Hungarische Schnapsodie,TITLE_DRIFT,ERP title differs
XW-451,review,EXTERNAL_ONLY,Marsch der Welt [8tett] [8-stimmig],Marsch der Welt [8tett] [8st],MARSCH_DER_WELT_8TETT_8ST,,8-stimmig,PHYSICAL,29.00,31.90,B2B,,Marsch der Welt,Marsch der Welt [8tett],NOT_IN_XLSX_SOT,
XW-4512,live,ACTIVE,Der lustige Bua,Der lustige Bua,DER_LUSTIGE_BUA,,,PHYSICAL,17.18,18.90,B2B,Der lustige Bua,Der lustige Bua,Der lustige Bua,PRICE_DRIFT_ERP,"ERP net=19.91, master net=17.18"
XW-4516,live,ACTIVE,Mnoschil [Blasmusik Supergroup] [5-stimmig],Mnoschil [BSG] [5st],MNOSCHIL_BSG_5ST,Blasmusik Supergroup,5-stimmig,PHYSICAL,17.18,18.90,B2B,Mnoschil,Mnoschil [5-stimmig] || Mnoschil,Mnoschil,DUPLICATE_WIX_SKU|TITLE_DRIFT,Wix SKU appears 2x; WIX title differs
XW-4519,live,ACTIVE,Hopfen & Malser Weisenbl.,Hopfen & Malser Weisenbl.,HOPFEN_UND_MALSER_WEISENBL,,,PHYSICAL,17.18,18.90,B2B,Hopfen & Malser Weisenbl.,Hopfen und Malser Weisenbläsermarsch,Hopfen & Malser Weisenbl.,TITLE_DRIFT,WIX title differs
XW-452,review,EXTERNAL_ONLY,Well Done,Well Done,WELL_DONE_P,,,PRINT_AT_HOME,25.36,27.90,B2B,,Well Done,Well Done,NOT_IN_XLSX_SOT,
XW-4526,live,ACTIVE,Hansipolka,Hansipolka,HANSIPOLKA,,,PHYSICAL,19.91,21.90,B2B,Hansipolka,Hansipolka,Hansipolka,PRICE_DRIFT_WIX,"Wix gross=24.90, master gross=21.90"
XW-453,review,EXTERNAL_ONLY,Ana für's Herz,Ana für's Herz,ANA_FUER_S_HERZ,,,PHYSICAL,25.36,27.90,B2B,,Ana für's Herz,Ana für's Herz,NOT_IN_XLSX_SOT,
XW-4531,live,ACTIVE,Tango,Tango,TANGO,,,PHYSICAL,22.64,24.90,B2B,Tango,Tango,Tango,PRICE_DRIFT_WIX,"Wix gross=27.90, master gross=24.90"
XW-4535,live,ACTIVE,Der Lippenfresser,Der Lippenfresser,DER_LIPPENFRESSER,,,PHYSICAL,22.64,24.90,B2B,Der Lippenfresser,Der Lippenfresser,Der Lippenfresser,PRICE_DRIFT_WIX,"Wix gross=27.90, master gross=24.90"
XW-4539,live,ACTIVE,Ich bin der Welt abhanden gek.,Ich bin der Welt abhanden gek.,ICH_BIN_DER_WELT_ABHANDEN_GE,,,PHYSICAL,22.64,24.90,B2B,Ich bin der Welt abhanden gek.,Ich bin der Welt abhanden gekommen,Ich bin der Welt abhanden gek.,TITLE_DRIFT|PRICE_DRIFT_WIX,"WIX title differs; Wix gross=27.90, master gross=24.90"
XW-454,review,EXTERNAL_ONLY,Komische Polka,Komische Polka,KOMISCHE_POLKA,,,PHYSICAL,25.36,27.90,B2B,,Komische Polka,Komische Polka,NOT_IN_XLSX_SOT,
XW-455,review,EXTERNAL_ONLY,Auf der Brandlhütt'n,Auf der Brandlhütt'n,AUF_DER_BRANDLHUETT_N,,,PHYSICAL,25.36,27.90,B2B,,Auf da Brandlhütt'n,Auf der Brandlhütt'n,NOT_IN_XLSX_SOT,
XW-456,review,EXTERNAL_ONLY,Musette,Musette,MUSETTE,,,PHYSICAL,22.64,24.90,B2B,,Musette,Musette,NOT_IN_XLSX_SOT,
XW-4562,live,ACTIVE,Gruß an Schloss Weissenstein,Gruß an Schloss Weissenstein,GRUSS_AN_SCHLOSS_WEISSENSTEI,,,PHYSICAL,19.91,21.90,B2B,Gruß an Schloss Weissenstein,Gruß an Schloss Weissenstein,Gruß an Schloss Weissenstein,PRICE_DRIFT_WIX,"Wix gross=24.90, master gross=21.90"
XW-4564,live,ACTIVE,Hupfidbupf,Hupfidbupf,HUPFIDBUPF,,,PHYSICAL,17.18,18.90,B2B,Hupfidbupf,Hupfdibupf,Hupfidbupf,TITLE_DRIFT,WIX title differs
XW-457,review,EXTERNAL_ONLY,Cabernet Polka,Cabernet Polka,CABERNET_POLKA,,,PHYSICAL,25.36,27.90,B2B,,Cabernet Polka,Cabernet Polka,NOT_IN_XLSX_SOT,
XW-4572,live,ACTIVE,Praeludium Nr. 22,Praeludium Nr. 22,PRAELUDIUM_NR_22,,,PHYSICAL,17.18,18.90,B2B,Praeludium Nr. 22,Praeludium Nr. 22 (BWV 867),Praeludium Nr. 22,TITLE_DRIFT,WIX title differs
XW-458,review,EXTERNAL_ONLY,Allemanda,Allemanda,ALLEMANDA,,,PHYSICAL,19.91,21.90,B2B,,Allemanda,Allemanda,NOT_IN_XLSX_SOT,
XW-4583,live,ACTIVE,"Petit mari, petite femme","Petit mari, petite femme",PETIT_MARI_PETITE_FEMME,,,PHYSICAL,25.36,27.90,B2B,"Petit mari, petite femme","Petit mari, petite femme","Petit mari, petite femme",PRICE_DRIFT_ERP,"ERP net=39.00, master net=25.36"
XW-500.01,live,ACTIVE,Christkindl-Hits,Christkindl-Hits,Christkindl-Hits,,,DIGITAL,5.00,5.50,,Div Bestellungen MusikHeroes digital,,Bestellungen digital MusikHeroes,TITLE_DRIFT,ERP title differs
XW-500.03,review,EXTERNAL_ONLY,Playalongs MusikHeroes - Playalongs,#None PA,#None_PA,,,PLAYALONG,5.00,5.50,,,,Playalongs MusikHeroes,NOT_IN_XLSX_SOT,
XW-501.01,live,ACTIVE,Christkindl-Hits #1 - Trompete,CKH#1 TRP,CKH#1_TRP,,,PHYSICAL,22.64,24.90,B2B|AMAZON,Christkindl-Hits #1 TRP,Christkindl-Hits #1 - Trompete,Christkindl-Hits #1 TRP,FNSKU_NOT_IN_REPORT,
XW-501.02,live,ACTIVE,Christkindl-Hits #1 - Posaune,CKH#1 POS,CKH#1_POS,,,PHYSICAL,22.64,24.90,B2B|AMAZON,Christkindl-Hits #1 POS,Christkindl-Hits #1 - Posaune,Christkindl-Hits #1 POS,FNSKU_NOT_IN_REPORT,
XW-501.03,live,ACTIVE,Christkindl-Hits #1 - 2. Stimme in B (tief),CKH#1 2B-t,CKH#1_2B-t,,,DIGITAL,5.00,5.50,,#1 Zusatzstimme in B (tief),,ZST CKH #1 - 2.Stimme B,TITLE_DRIFT,ERP title differs
XW-501.03-P,live,ACTIVE,Christkindl-Hits #1 - 2. Stimme in B (tief),CKH#1 2B-t,CKH#1_2B-t_P,,,PRINT_AT_HOME,9.00,9.90,B2B,#1 Zusatzstimme in B (tief) 🖨️,Christkindl-Hits #1 / 2.Stimme in B (tief) [PRINT],ZST CKH#1_2B-tief,TITLE_DRIFT,ERP title differs
XW-501.04,live,ACTIVE,Christkindl-Hits #1 - 2. Stimme in C,CKH#1 2C,CKH#1_2C,,,DIGITAL,5.00,5.50,,#1 Zusatzstimme in C,,ZST CKH #1 - 2.Stimme C,TITLE_DRIFT,ERP title differs
XW-501.04-P,live,ACTIVE,Christkindl-Hits #1 - 2. Stimme in C,CKH#1 2C,CKH#1_2C_P,,,PRINT_AT_HOME,9.00,9.90,B2B,#1 Zusatzstimme in C 🖨️,Christkindl-Hits #1 / 2.Stimme in C [BS] [PRINT],ZST CKH#1_2C [BS],TITLE_DRIFT,ERP title differs
XW-501.05,live,ACTIVE,Christkindl-Hits #1 - Begleitstimme in C,CKH#1 Begl-C,CKH#1_Begl-C,,,DIGITAL,5.00,5.50,,#1 Begleitstimme in C,,ZST CKH #1 - Begl. C,TITLE_DRIFT,ERP title differs
XW-501.05-P,live,ACTIVE,Christkindl-Hits #1 - Begleitstimme in C,CKH#1 Begl-C,CKH#1_Begl-C_P,,,PRINT_AT_HOME,9.00,9.90,B2B,#1 Begleitstimme in C 🖨️,Christkindl-Hits #1 / Begleitstimme in C [PRINT],ZST CKH#1_LS,TITLE_DRIFT,ERP title differs
XW-501.06,live,ACTIVE,Christkindl-Hits #1 - Playalongs Trompete,CKH#1 PA TRP,CKH#1_PA-TRP,,,PLAYALONG,5.00,5.50,,#1 Playalongs TRP,,Playalongs CKH#1 TRP,TITLE_DRIFT,ERP title differs
XW-501.07,live,ACTIVE,Christkindl-Hits #1 - Playalongs Posaune,CKH#1 PA POS,CKH#1_PA-POS,,,PLAYALONG,5.00,5.50,,#1 Playalongs POS,,Playalongs CKH#1 POS,TITLE_DRIFT,ERP title differs
XW-501.12,live,ACTIVE,Christkindl-Hits #1 - Playalongs in C,CKH#1 PA in C,CKH#1_PA-in C,,,PLAYALONG,5.00,5.50,,#1 Playalongs in C,,Playalongs CKH#1 in C,TITLE_DRIFT,ERP title differs
XW-501.13,live,ACTIVE,Christkindl-Hits #1 - 2. Stimme in B (hoch),CKH#1 2B-h,CKH#1_2B-h,,,DIGITAL,5.00,5.50,,#1 Zusatzstimme in B (hoch),,ZST CKH#1 - 2.St. B hoch,TITLE_DRIFT,ERP title differs
XW-501.13-P,live,ACTIVE,Christkindl-Hits #1 - 2. Stimme in B (hoch),CKH#1 2B-h,CKH#1_2B-h_P,,,PRINT_AT_HOME,9.00,9.90,B2B,#1 Zusatzstimme in B (hoch) 🖨️,Christkindl-Hits #1 / 2.Stimme in B (hoch) [PRINT],ZST CKH#1_2B-hoch,TITLE_DRIFT,ERP title differs
XW-511.01,live,ACTIVE,Ohrwürmer #1 - Trompete,OW#1 TRP,OW#1_TRP,,,PHYSICAL,22.64,24.90,B2B|AMAZON,Ohrwürmer #1 TRP,Ohrwürmer #1 - Trompete,Ohrwürmer #1 TRP,FNSKU_NOT_IN_REPORT,
XW-511.02,live,ACTIVE,Ohrwürmer #1 - Posaune,OW#1 POS,OW#1_POS,,,PHYSICAL,22.64,24.90,B2B|AMAZON,Ohrwürmer #1 POS,Ohrwürmer #1 - Posaune,Ohrwürmer #1 POS,FNSKU_NOT_IN_REPORT,
XW-511.03,live,ACTIVE,Ohrwürmer #1 - 2. Stimme in B (tief),OW#1 2B-t,OW#1_2B-t,,,DIGITAL,5.00,5.50,,#1 Zusatzstimme in B (tief),,ZST OW #1 - 2.Stimme B,TITLE_DRIFT,ERP title differs
XW-511.03-P,live,ACTIVE,Ohrwürmer #1 - 2. Stimme in B (tief),OW#1 2B-t,OW#1_2B-t_P,,,PRINT_AT_HOME,9.00,9.90,B2B,#1 Zusatzstimme in B (tief) 🖨️,Ohrwürmer #1 / 2.Stimme in B (tief) [PRINT],ZST OW#1_2B-tief,TITLE_DRIFT,ERP title differs
XW-511.04,live,ACTIVE,Ohrwürmer #1 - 2. Stimme in C,OW#1 2C,OW#1_2C,,,DIGITAL,5.00,5.50,,#1 Zusatzstimme in C,,ZST OW #1 - 2.Stimme C,TITLE_DRIFT,ERP title differs
XW-511.04-P,live,ACTIVE,Ohrwürmer #1 - 2. Stimme in C,OW#1 2C,OW#1_2C_P,,,PRINT_AT_HOME,9.00,9.90,B2B,#1 Zusatzstimme in C 🖨️,Ohrwürmer #1 / 2.Stimme in C [BS] [PRINT],ZST OW#1_2C [BS],TITLE_DRIFT,ERP title differs
XW-511.05,live,ACTIVE,Ohrwürmer #1 - Begleitstimme in C,OW#1 Begl-C,OW#1_Begl-C,,,DIGITAL,5.00,5.50,,#1 Begleitstimme in C,,ZST OW #1 - Begl. C,TITLE_DRIFT,ERP title differs
XW-511.05-P,live,ACTIVE,Ohrwürmer #1 - Begleitstimme in C,OW#1 Begl-C,OW#1_Begl-C_P,,,PRINT_AT_HOME,9.00,9.90,B2B,#1 Begleitstimme in C 🖨️,Ohrwürmer #1 / Begleitstimme in C [PRINT],ZST OW#1_LS,TITLE_DRIFT,ERP title differs
XW-511.06,live,ACTIVE,Ohrwürmer #1 - Playalongs Trompete,OW#1 PA TRP,OW#1_PA-TRP,,,PLAYALONG,5.00,5.50,,#1 Playalongs TRP,,Playalongs OW #1 TRP,TITLE_DRIFT,ERP title differs
XW-511.07,live,ACTIVE,Ohrwürmer #1 - Playalongs Posaune,OW#1 PA POS,OW#1_PA-POS,,,PLAYALONG,5.00,5.50,,#1 Playalongs POS,,Playalongs OW #1 POS,TITLE_DRIFT,ERP title differs
XW-511.08,live,ACTIVE,Ohrwürmer #1 - F-Tuba,OW#1 FTB,OW#1_FTB,,,PHYSICAL,22.64,24.90,B2B|AMAZON,Ohrwürmer #1 FTB,Ohrwürmer #1 - F-Tuba,Ohrwürmer #1 FTB,FNSKU_NOT_IN_REPORT,
XW-511.10,live,ACTIVE,Ohrwürmer #1 - Playalongs F-Tuba,OW#1 PA FTB,OW#1_PA-FTB,,,PLAYALONG,5.00,5.50,,#1 Playalongs FTB,,Playalongs OW#1 FTB,TITLE_DRIFT,ERP title differs
XW-511.11,live,ACTIVE,Ohrwürmer #1 - Playalongs B-Tuba,OW#1 PA BTB,OW#1_PA-BTB,,,PLAYALONG,5.00,5.50,,#1 Playalongs BTB,,Playalongs OW#1 BTB,TITLE_DRIFT,ERP title differs
XW-511.12,live,ACTIVE,Ohrwürmer #1 - Playalongs in C,OW#1 PA in C,OW#1_PA-in C,,,PLAYALONG,5.00,5.50,,#1 Playalongs in C,,Playalongs OW#1 in C,TITLE_DRIFT,ERP title differs
XW-511.13,live,ACTIVE,Ohrwürmer #1 - 2. Stimme in B (hoch),OW#1 2B-h,OW#1_2B-h,,,DIGITAL,5.00,5.50,,#1 Zusatzstimme in B (hoch),,ZST OW#1- 2.St. B hoch,TITLE_DRIFT,ERP title differs
XW-511.13-P,live,ACTIVE,Ohrwürmer #1 - 2. Stimme in B (hoch),OW#1 2B-h,OW#1_2B-h_P,,,PRINT_AT_HOME,9.00,9.90,B2B,#1 Zusatzstimme in B (hoch)  🖨️,Ohrwürmer #1 / 2.Stimme in B (hoch) [PRINT],ZST OW#1_2B-hoch,TITLE_DRIFT,ERP title differs
XW-512.01,live,ACTIVE,Ohrwürmer #2 - Trompete,OW#2 TRP,OW#2_TRP,,,PHYSICAL,22.64,24.90,B2B|AMAZON,Ohrwürmer #2 TRP,Ohrwürmer #2 - Trompete,Ohrwürmer #2 TRP,FNSKU_NOT_IN_REPORT,
XW-512.02,live,ACTIVE,Ohrwürmer #2 - Posaune,OW#2 POS,OW#2_POS,,,PHYSICAL,22.64,24.90,B2B|AMAZON,Ohrwürmer #2 POS,Ohrwürmer #2 - Posaune,Ohrwürmer #2 POS,FNSKU_NOT_IN_REPORT,
XW-512.03,live,ACTIVE,Ohrwürmer #2 - 2. Stimme in B (tief),OW#2 2B-t,OW#2_2B-t,,,DIGITAL,5.00,5.50,,#2 Zusatzstimme in B (tief),,ZST OW #2 - 2.Stimme B,TITLE_DRIFT,ERP title differs
XW-512.03-P,live,ACTIVE,Ohrwürmer #2 - 2. Stimme in B (tief),OW#2 2B-t,OW#2_2B-t_P,,,PRINT_AT_HOME,9.00,9.90,B2B,#2 Zusatzstimme in B (tief) 🖨️,Ohrwürmer #2 / 2.Stimme in B (tief) [PRINT],Ohrwürmer #2,TITLE_DRIFT,ERP title differs
XW-512.04,live,ACTIVE,Ohrwürmer #2 - 2. Stimme in C,OW#2 2C,OW#2_2C,,,DIGITAL,5.00,5.50,,#2 Zusatzstimme in C,,ZST OW #2 - 2.Stimme C,TITLE_DRIFT,ERP title differs
XW-512.04-P,live,ACTIVE,Ohrwürmer #2 - 2. Stimme in C,OW#2 2C,OW#2_2C_P,,,PRINT_AT_HOME,9.00,9.90,B2B,#2 Zusatzstimme in C 🖨️,Ohrwürmer #2 / 2.Stimme in C [BS] [PRINT],ZST OW#2_2C [BS],TITLE_DRIFT,ERP title differs
XW-512.05,live,ACTIVE,Ohrwürmer #2 - Begleitstimme in C,OW#2 Begl-C,OW#2_Begl-C,,,DIGITAL,5.00,5.50,,#2 Begleitstimme in C,,ZST OW #2 - Begl. C,TITLE_DRIFT,ERP title differs
XW-512.05-P,live,ACTIVE,Ohrwürmer #2 - Begleitstimme in C,OW#2 Begl-C,OW#2_Begl-C_P,,,PRINT_AT_HOME,9.00,9.90,B2B,#2 Begleitstimme in C 🖨️,Ohrwürmer #2 / Begleitstimme in C [PRINT],ZST OW#2_LS,TITLE_DRIFT,ERP title differs
XW-512.06,live,ACTIVE,Ohrwürmer #2 - Playalongs Trompete,OW#2 PA TRP,OW#2_PA-TRP,,,PLAYALONG,5.00,5.50,,#2 Playalongs TRP,,Playalongs OW#2 TRP,TITLE_DRIFT,ERP title differs
XW-512.07,live,ACTIVE,Ohrwürmer #2 - Playalongs Posaune,OW#2 PA POS,OW#2_PA-POS,,,PLAYALONG,5.00,5.50,,#2 Playalongs POS,,Playalongs OW#2 POS,TITLE_DRIFT,ERP title differs
XW-512.08,live,ACTIVE,Ohrwürmer #2 - F-Tuba,OW#2 FTB,OW#2_FTB,,,PHYSICAL,22.64,24.90,B2B|AMAZON,Ohrwürmer #2 FTB,Ohrwürmer #2 - F-Tuba,Ohrwürmer #2 FTB,FNSKU_NOT_IN_REPORT,
XW-512.09,live,ACTIVE,Ohrwürmer #2 - B-Tuba,OW#2 BTB,OW#2_BTB,,,PHYSICAL,22.64,24.90,B2B|AMAZON,Ohrwürmer #2 BTB,Ohrwürmer #2 - B-Tuba,Ohrwürmer #2 BTB,FNSKU_NOT_IN_REPORT,
XW-512.10,live,ACTIVE,Ohrwürmer #2 - Playalongs F-Tuba,OW#2 PA FTB,OW#2_PA-FTB,,,PLAYALONG,5.00,5.50,,#2 Playalongs FTB,,Playalongs OW#2 FTB,TITLE_DRIFT,ERP title differs
XW-512.11,live,ACTIVE,Ohrwürmer #2 - Playalongs B-Tuba,OW#2 PA BTB,OW#2_PA-BTB,,,PLAYALONG,5.00,5.50,,#2 Playalongs BTB,,Playalongs OW#2 BTB,TITLE_DRIFT,ERP title differs
XW-512.12,live,ACTIVE,Ohrwürmer #2 - Playalongs in C,OW#2 PA in C,OW#2_PA-in C,,,PLAYALONG,5.00,5.50,,#2 Playalongs in C,,Playalongs OW#2 in C,TITLE_DRIFT,ERP title differs
XW-512.13,live,ACTIVE,Ohrwürmer #2 - 2. Stimme in B (hoch),OW#2 2B-h,OW#2_2B-h,,,DIGITAL,5.00,5.50,,#2 Zusatzstimme in B (hoch),,ZST OW#2- 2.St. B hoch,TITLE_DRIFT,ERP title differs
XW-512.13-P,live,ACTIVE,Ohrwürmer #2 - 2. Stimme in B (hoch),OW#2 2B-h,OW#2_2B-h_P,,,PRINT_AT_HOME,9.00,9.90,B2B,#2 Zusatzstimme in B (hoch) 🖨️,Ohrwürmer #2 / 2.Stimme in B (hoch) [PRINT],ZST OW#2_2B-hoch,TITLE_DRIFT,ERP title differs
XW-512.17,live,ACTIVE,Ohrwürmer #2 - Playalongs Horn,OW#2 PA HRN,OW#2_PA-HRN,,,PLAYALONG,5.14,5.65,,#2 Playalongs HRN,,Playalongs Ohrwürmer #2 HORN,TITLE_DRIFT,ERP title differs
XW-521.01,live,ACTIVE,Tanzl & G'stanzl #1 - Trompete,T&G#1 TRP,T&G#1_TRP,,,PHYSICAL,22.64,24.90,B2B|AMAZON,Tanz-&G'stanzl #1 TRP,Tanzl&G'stanzl #1 - Trompete,Tanzl & G'stanzl #1 TRP,FNSKU_NOT_IN_REPORT,
XW-521.02,live,ACTIVE,Tanzl & G'stanzl #1 - Posaune,T&G#1 POS,T&G#1_POS,,,PHYSICAL,22.64,24.90,B2B|AMAZON,Tanz-&G'stanzl #1 POS,Tanzl&G'stanzl #1 - Posaune,Tanzl & G'stanzl #1 POS,FNSKU_NOT_IN_REPORT,
XW-521.03,live,ACTIVE,Tanzl & G'stanzl #1 - 2. Stimme in B (tief),T&G#1 2B-t,T&G#1_2B-t,,,DIGITAL,5.00,5.50,,#1 Zusatzstimme in B (tief),,ZST T&G #1 - 2.Stimme B,TITLE_DRIFT,ERP title differs
XW-521.03-P,live,ACTIVE,Tanzl & G'stanzl #1 - 2. Stimme in B (tief),T&G#1 2B-t,T&G#1_2B-t_P,,,PRINT_AT_HOME,9.00,9.90,B2B,#1 Zusatzstimme in B (tief) 🖨️,Tanzl&G'stanzl #1 / 2.Stimme in B (tief) [PRINT],ZST T&G#1_2B-tief,TITLE_DRIFT,ERP title differs
XW-521.04,live,ACTIVE,Tanzl & G'stanzl #1 - 2. Stimme in C,T&G#1 2C,T&G#1_2C,,,DIGITAL,5.00,5.50,,#1 Zusatzstimme in C,,ZST T&G #1 - 2.Stimme C,TITLE_DRIFT,ERP title differs
XW-521.04-P,live,ACTIVE,Tanzl & G'stanzl #1 - 2. Stimme in C,T&G#1 2C,T&G#1_2C_P,,,PRINT_AT_HOME,9.00,9.90,B2B,#1 Zusatzstimme in C 🖨️,Tanzl&G'stanzl #1 / 2.Stimme in C [BS] [PRINT],ZST T&G#1_2C [BS],TITLE_DRIFT,ERP title differs
XW-521.05,live,ACTIVE,Tanzl & G'stanzl #1 - Begleitstimme in C,T&G#1 Begl-C,T&G#1_Begl-C,,,DIGITAL,5.00,5.50,,#1 Begleitstimme in C,,ZST T&G #1 - Begl. C,TITLE_DRIFT,ERP title differs
XW-521.05-P,live,ACTIVE,Tanzl & G'stanzl #1 - Begleitstimme in C,T&G#1 Begl-C,T&G#1_Begl-C_P,,,PRINT_AT_HOME,9.00,9.90,B2B,#1 Begleitstimme in C 🖨️,Tanzl&G'stanzl #1 / Begleitstimme in C [PRINT],ZST T&G#1_LS,TITLE_DRIFT,ERP title differs
XW-521.06,live,ACTIVE,Tanzl & G'stanzl #1 - Playalongs Trompete,T&G#1 PA TRP,T&G#1_PA-TRP,,,PLAYALONG,5.00,5.50,,#1 Playalongs TRP,,Playalongs T&G #1 TRP,TITLE_DRIFT,ERP title differs
XW-521.07,live,ACTIVE,Tanzl & G'stanzl #1 - Playalongs Posaune,T&G#1 PA POS,T&G#1_PA-POS,,,PLAYALONG,5.00,5.50,,#1 Playalongs POS,,Playalongs T&G #1 POS,TITLE_DRIFT,ERP title differs
XW-521.08,live,ACTIVE,Tanzl & G'stanzl #1 - F-Tuba,T&G#1 FTB,T&G#1_FTB,,,PHYSICAL,22.64,24.90,B2B|AMAZON,Tanz-&G'stanzl #1 FTB,Tanzl&G'stanzl #1 - F-Tuba,Tanzl & G'stanzl #1 FTB,FNSKU_NOT_IN_REPORT,
XW-521.09,live,ACTIVE,Tanzl & G'stanzl #1 - B-Tuba,T&G#1 BTB,T&G#1_BTB,,,PHYSICAL,22.64,24.90,B2B|AMAZON,Tanz-&G'stanzl #1 BTB,Tanzl&G'stanzl #1 - B-Tuba,Tanzl & G'stanzl #1 BTB,FNSKU_NOT_IN_REPORT,
XW-521.10,live,ACTIVE,Tanzl & G'stanzl #1 - Playalongs F-Tuba,T&G#1 PA FTB,T&G#1_PA-FTB,,,PLAYALONG,5.00,5.50,,#1 Playalongs FTB,,Playalongs T&G #1 FTB,TITLE_DRIFT,ERP title differs
XW-521.11,live,ACTIVE,Tanzl & G'stanzl #1 - Playalongs B-Tuba,T&G#1 PA BTB,T&G#1_PA-BTB,,,PLAYALONG,5.00,5.50,,#1 Playalongs BTB,,Playalongs T&G #1 BTB,TITLE_DRIFT,ERP title differs
XW-521.12,live,ACTIVE,Tanzl & G'stanzl #1 - Playalongs in C,T&G#1 PA in C,T&G#1_PA-in C,,,PLAYALONG,5.00,5.50,,#1 Playalongs in C,,Playalongs T&G#1 in C,TITLE_DRIFT,ERP title differs
XW-521.13,live,ACTIVE,Tanzl & G'stanzl #1 - 2. Stimme in B (hoch),T&G#1 2B-h,T&G#1_2B-h,,,DIGITAL,5.00,5.50,,#1 Zusatzstimme in B (hoch),,ZST T&G#1 - 2.St. B hoch,TITLE_DRIFT,ERP title differs
XW-521.13-P,live,ACTIVE,Tanzl & G'stanzl #1 - 2. Stimme in B (hoch),T&G#1 2B-h,T&G#1_2B-h_P,,,PRINT_AT_HOME,9.00,9.90,B2B,#1 Zusatzstimme in B (hoch) 🖨️,Tanzl&G'stanzl #1 / 2.Stimme in B (hoch) [PRINT],ZST T&G#1_2B-hoch,TITLE_DRIFT,ERP title differs
XW-522.01,live,ACTIVE,Tanzl & G'stanzl #2 - Trompete,T&G#2 TRP,T&G#2_TRP,,,PHYSICAL,22.64,24.90,B2B|AMAZON,Tanz-&G'stanzl #2 TRP,Tanzl&G'stanzl #2 - Trompete,Tanzl & G'stanzl #2 TRP,FNSKU_NOT_IN_REPORT,
XW-522.02,live,ACTIVE,Tanzl & G'stanzl #2 - Posaune,T&G#2 POS,T&G#2_POS,,,PHYSICAL,22.64,24.90,B2B|AMAZON,Tanz-&G'stanzl #2 POS,Tanzl&G'stanzl #2 - Posaune,Tanzl & G'stanzl #2 POS,FNSKU_NOT_IN_REPORT,
XW-522.03,live,ACTIVE,Tanzl & G'stanzl #2 - 2. Stimme in B (tief),T&G#2 2B-t,T&G#2_2B-t,,,DIGITAL,5.00,5.50,,#2 Zusatzstimme in B (tief),,ZST T&G #2 - 2.Stimme B,TITLE_DRIFT,ERP title differs
XW-522.03-P,live,ACTIVE,Tanzl & G'stanzl #2 - 2. Stimme in B (tief),T&G#2 2B-t,T&G#2_2B-t_P,,,PRINT_AT_HOME,9.00,9.90,B2B,#2 Zusatzstimme in B (tief) 🖨️,Tanzl&G'stanzl #2 / 2.Stimme in B (tief) [PRINT],ZST T&G#2_2B-tief,TITLE_DRIFT,ERP title differs
XW-522.04,live,ACTIVE,Tanzl & G'stanzl #2 - 2. Stimme in C,T&G#2 2C,T&G#2_2C,,,DIGITAL,5.00,5.50,,#2 Zusatzstimme in C,,ZST T&G #2 - 2.Stimme C,TITLE_DRIFT,ERP title differs
XW-522.04-P,live,ACTIVE,Tanzl & G'stanzl #2 - 2. Stimme in C,T&G#2 2C,T&G#2_2C_P,,,PRINT_AT_HOME,9.00,9.90,B2B,#2 Zusatzstimme in C 🖨️,Tanzl&G'stanzl #2 / 2.Stimme in C [BS] [PRINT],ZST T&G#2_2C [BS],TITLE_DRIFT,ERP title differs
XW-522.05,live,ACTIVE,Tanzl & G'stanzl #2 - Begleitstimme in C,T&G#2 Begl-C,T&G#2_Begl-C,,,DIGITAL,5.00,5.50,,#2 Begleitstimme in C,,ZST T&G #2 - Begl. C,TITLE_DRIFT,ERP title differs
XW-522.05-P,live,ACTIVE,Tanzl & G'stanzl #2 - Begleitstimme in C,T&G#2 Begl-C,T&G#2_Begl-C_P,,,PRINT_AT_HOME,9.00,9.90,B2B,#2 Begleitstimme in C 🖨️,Tanzl&G'stanzl #2 / Begleitstimme in C [PRINT],ZST T&G#2_LS,TITLE_DRIFT,ERP title differs
XW-522.06,live,ACTIVE,Tanzl & G'stanzl #2 - Playalongs Trompete,T&G#2 PA TRP,T&G#2_PA-TRP,,,PLAYALONG,5.00,5.50,,#2 Playalongs TRP,,Playalongs T&G #2 TRP,TITLE_DRIFT,ERP title differs
XW-522.07,live,ACTIVE,Tanzl & G'stanzl #2 - Playalongs Posaune,T&G#2 PA POS,T&G#2_PA-POS,,,PLAYALONG,5.00,5.50,,#2 Playalongs POS,,Playalongs T&G #2 POS,TITLE_DRIFT,ERP title differs
XW-522.08,live,ACTIVE,Tanzl & G'stanzl #2 - F-Tuba,T&G#2 FTB,T&G#2_FTB,,,PHYSICAL,22.64,24.90,B2B|AMAZON,Tanz-&G'stanzl #2 FTB,Tanzl&G'stanzl #2 - F-Tuba,Tanzl & G'stanzl #2 FTB,FNSKU_NOT_IN_REPORT,
XW-522.09,live,ACTIVE,Tanzl & G'stanzl #2 - B-Tuba,T&G#2 BTB,T&G#2_BTB,,,PHYSICAL,22.64,24.90,B2B|AMAZON,Tanz-&G'stanzl #2 BTB,Tanzl&G'stanzl #2 - B-Tuba,Tanzl & G'stanzl #2 BTB,FNSKU_NOT_IN_REPORT,
XW-522.10,live,ACTIVE,Tanzl & G'stanzl #2 - Playalongs F-Tuba,T&G#2 PA FTB,T&G#2_PA-FTB,,,PLAYALONG,5.00,5.50,,#2 Playalongs FTB,,Playalongs T&G#2 FTB,TITLE_DRIFT,ERP title differs
XW-522.11,live,ACTIVE,Tanzl & G'stanzl #2 - Playalongs B-Tuba,T&G#2 PA BTB,T&G#2_PA-BTB,,,PLAYALONG,5.00,5.50,,#2 Playalongs BTB,,Playalongs T&G#2 BTB,TITLE_DRIFT,ERP title differs
XW-522.12,live,ACTIVE,Tanzl & G'stanzl #2 - Playalongs in C,T&G#2 PA in C,T&G#2_PA-in C,,,PLAYALONG,5.00,5.50,,#2 Playalongs in C,,Playalongs T&G#2 in C,TITLE_DRIFT,ERP title differs
XW-522.13,live,ACTIVE,Tanzl & G'stanzl #2 - 2. Stimme in B (hoch),T&G#2 2B-h,T&G#2_2B-h,,,DIGITAL,5.00,5.50,,#2 Zusatzstimme in B (hoch),,ZST T&G#2- 2.St. B hoch,TITLE_DRIFT,ERP title differs
XW-522.13-P,live,ACTIVE,Tanzl & G'stanzl #2 - 2. Stimme in B (hoch),T&G#2 2B-h,T&G#2_2B-h_P,,,PRINT_AT_HOME,9.00,9.90,B2B,#2 Zusatzstimme in B (hoch) 🖨️,Tanzl&G'stanzl #2 / 2.Stimme in B (hoch) [PRINT],ZST T&G#2_2B-hoch,TITLE_DRIFT,ERP title differs
XW-531.01,live,ACTIVE,WarmUps #1 - Trompete,WU#1 TRP,WU#1_TRP,,,PHYSICAL,22.64,24.90,B2B|AMAZON,WarmUps #1 TRP,WarmUps #1 - Trompete,WarmUps #1 TRP,FNSKU_NOT_IN_REPORT,
XW-531.02,live,ACTIVE,WarmUps #1 - Posaune,WU#1 POS,WU#1_POS,,,PHYSICAL,22.64,24.90,B2B|AMAZON,WarmUps #1 POS,WarmUps #1 - Posaune,WarmUps #1 POS,FNSKU_NOT_IN_REPORT,
XW-531.06,live,ACTIVE,WarmUps #1 - Playalongs Trompete,WU#1 PA TRP,WU#1_PA-TRP,,,PLAYALONG,5.00,5.50,,#1 Playalongs TRP,,Playalongs WU #1 TRP,TITLE_DRIFT,ERP title differs
XW-531.07,live,ACTIVE,WarmUps #1 - Playalongs Posaune,WU#1 PA POS,WU#1_PA-POS,,,PLAYALONG,5.00,5.50,,#1 Playalongs POS,,Playalongs WU #1 POS,TITLE_DRIFT,ERP title differs
XW-541.02,live,ACTIVE,BauernJazz #1 - Posaune,BJ#1 POS,BJ#1_POS,,,PHYSICAL,22.64,24.90,B2B,BauernJazz #1 POS,BauernJazz #1 - Posaune,BauernJazz #1 POS,PRICE_DRIFT_WIX,"Wix gross=27.90, master gross=24.90"
XW-55*,review,EXTERNAL_ONLY,Junior-4tett,Junior-4tett,Junior-4tett,,,DIGITAL,5.00,5.50,,,,Junior-4tett,NOT_IN_XLSX_SOT,
XW-551.01,live,ACTIVE,Hiaz kimmt die heilige Weihnachtszeit [Junior-4tett],Hiaz kimmt die heilige Weihnachtszeit [J4],HIAZ_KIMMT_DIE_HEILIGE_WEIHN_J4,,Junior-4tett,DIGITAL,5.00,5.50,,Hiaz kimmt die heilige Weihnachtszeit,,Hiaz kimmt die hlg. Wz.,TITLE_DRIFT,ERP title differs
XW-551.01-P,review,XLSX_BLANK_EXTERNAL_ACTIVE,Hiaz kimmt die hlg. Weihnachtszeit [Junior-4tett],Hiaz kimmt die hlg. Weihnachtszeit [J4],HIAZ_KIMMT_DIE_HLG_WEIHNACHT_J4_P,,Junior-4tett,PRINT_AT_HOME,9.00,9.90,B2B,,Hiaz kimmt d. hlg. Weihnachtszeit,Hiaz kimmt die hlg. Weihnachtszeit,XLSX_BLANK_BUT_EXTERNAL_ACTIVE,
XW-551.02-P,review,EXTERNAL_ONLY,Adeste fideles,Adeste fideles,Adestefideles_P,,,PRINT_AT_HOME,9.00,9.90,B2B,,Adeste fideles,Adeste fideles,NOT_IN_XLSX_SOT,
XW-551.03-P,review,EXTERNAL_ONLY,Hark! The Herald...,Hark! The Herald...,Hark!TheHerald..._P,,,PRINT_AT_HOME,9.00,9.90,B2B,,Hark! The Herald Angels Sing,Hark! The Herald...,NOT_IN_XLSX_SOT,
XW-551.04-P,review,EXTERNAL_ONLY,Wir sagen euch an,Wir sagen euch an,Wirsageneuchan_P,,,PRINT_AT_HOME,9.00,9.90,B2B,,Wir sagen euch an,Wir sagen euch an,NOT_IN_XLSX_SOT,
XW-551.05-P,review,EXTERNAL_ONLY,O Jubel O Freud,O Jubel O Freud,OJubelOFreud_P,,,PRINT_AT_HOME,9.00,9.90,B2B,,O Jubel O Freud,O Jubel O Freud,NOT_IN_XLSX_SOT,
XW-551.06-P,review,EXTERNAL_ONLY,"Weihnacht, wie bist...","Weihnacht, wie bist...","Weihnacht,wiebist..._P",,,PRINT_AT_HOME,9.00,9.90,B2B,,Weihnacht wie bist du schön,"Weihnacht, wie bist...",NOT_IN_XLSX_SOT,
XW-551.07-P,review,EXTERNAL_ONLY,"Auf, auf, ihr Hirten","Auf, auf, ihr Hirten","Auf,auf,ihrHirten_P",,,PRINT_AT_HOME,9.00,9.90,B2B,,Auf auf ihr Hirten,"Auf, auf, ihr Hirten",NOT_IN_XLSX_SOT,
XW-561.01,live,ACTIVE,Umpa Umpa Umtata #1 - Trompete,UUU#1 TRP,UUU#1_TRP,,,PHYSICAL,22.64,24.90,B2B|AMAZON,Umpa Umpa Umtata #1 TRP,Umpa-Umpa Umtata #1 - Trompete,Umpa Umpa Umtata #1 TRP,FNSKU_NOT_IN_REPORT,
XW-561.02,live,ACTIVE,Umpa Umpa Umtata #1 - Posaune,UUU#1 POS,UUU#1_POS,,,PHYSICAL,22.64,24.90,B2B|AMAZON,Umpa Umpa Umtata #1 POS,Umpa-Umpa Umtata #1 - Posaune,Umpa Umpa Umtata #1 POS,FNSKU_NOT_IN_REPORT,
XW-561.03,live,ACTIVE,Umpa Umpa Umtata #1 - 2. Stimme in B (tief),UUU#1 2B-t,UUU#1_2B-t,,,DIGITAL,5.00,5.50,,#1 Zusatzstimme in B (tief),,ZST UUU#1 - 2.St. B (tief),TITLE_DRIFT,ERP title differs
XW-561.03-P,live,ACTIVE,Umpa Umpa Umtata #1 - 2. Stimme in B (tief),UUU#1 2B-t,UUU#1_2B-t_P,,,PRINT_AT_HOME,9.00,9.90,B2B,#1 Zusatzstimme in B (tief) 🖨️,Umpa-Umpa Umtata #1 / 2.Stimme in B (tief) [PRINT],ZST UUU#1_2B-tief,TITLE_DRIFT,ERP title differs
XW-561.04,live,ACTIVE,Umpa Umpa Umtata #1 - 2. Stimme in C,UUU#1 2C[BS],UUU#1_2C[BS],,,DIGITAL,5.00,5.50,,#1 Zusatzstimme in C [BS],,ZST UUU#1 - 2.St. C [BS],TITLE_DRIFT,ERP title differs
XW-561.04-P,live,ACTIVE,Umpa Umpa Umtata #1 - 2. Stimme in C,UUU#1 2C[BS],UUU#1_2C[BS]_P,,,PRINT_AT_HOME,9.00,9.90,B2B,#1 Zusatzstimme in C [BS] 🖨️,Umpa-Umpa Umtata #1 / 2.Stimme in C [BS] [PRINT],ZST UUU#1_2C [BS],TITLE_DRIFT,ERP title differs
XW-561.06,live,ACTIVE,Umpa Umpa Umtata #1 - Playalongs Trompete,UUU#1 PA TRP,UUU#1_PA-TRP,,,PLAYALONG,5.00,5.50,,#1 Playalongs TRP,,Playalongs UUU#1 TRP,TITLE_DRIFT,ERP title differs
XW-561.07,live,ACTIVE,Umpa Umpa Umtata #1 - Playalongs Posaune,UUU#1 PA POS,UUU#1_PA-POS,,,PLAYALONG,5.00,5.50,,#1 Playalongs POS,,Playalongs UUU#1 POS,TITLE_DRIFT,ERP title differs
XW-561.13,live,ACTIVE,Umpa Umpa Umtata #1 - 2. Stimme in B (hoch),UUU#1 2B-h,UUU#1_2B-h,,,DIGITAL,5.00,5.50,,#1 Zusatzstimme in B (hoch),,ZST UUU#1 - 2.St. B (hoch),TITLE_DRIFT,ERP title differs
XW-561.13-P,live,ACTIVE,Umpa Umpa Umtata #1 - 2. Stimme in B (hoch),UUU#1 2B-h,UUU#1_2B-h_P,,,PRINT_AT_HOME,9.00,9.90,B2B,#1 Zusatzstimme in B (hoch) 🖨️,Umpa-Umpa Umtata #1 / 2.Stimme in B (hoch) [PRINT],ZST UUU#1_2B-hoch,TITLE_DRIFT,ERP title differs
XW-561.14,live,ACTIVE,Umpa Umpa Umtata #1 - 2. Stimme in F,UUU#1 2F,UUU#1_2F,,,DIGITAL,5.00,5.50,,#1 Zusatzstimme in F,,ZST UUU#1 - 2.St. F,TITLE_DRIFT,ERP title differs
XW-561.14-P,live,ACTIVE,Umpa Umpa Umtata #1 - 2. Stimme in F,UUU#1 2F,UUU#1_2F_P,,,PRINT_AT_HOME,9.00,9.90,B2B,#1 Zusatzstimme in F 🖨️,Umpa-Umpa Umtata #1 / 2.Stimme in F [PRINT],ZST UUU#1_2F,TITLE_DRIFT,ERP title differs
XW-562.01,live,ACTIVE,Umpa Umpa Umtata #2 - Trompete,UUU#2 TRP,UUU#2_TRP,,,PHYSICAL,22.64,24.90,B2B|AMAZON,Umpa Umpa Umtata #2 TRP,Umpa-Umpa Umtata #2 - Trompete,Umpa-Umpa Umtata #2 TRP,AMAZON_SELLER_SKU_DIFFERS|FNSKU_NOT_IN_REPORT,Amazon seller SKU KK-DC4T-2I83 mapped to XW-562.01
XW-562.02,live,ACTIVE,Umpa Umpa Umtata #2 - Posaune,UUU#2 POS,UUU#2_POS,,,PHYSICAL,22.64,24.90,B2B|AMAZON,Umpa Umpa Umtata #2 POS,Umpa-Umpa Umtata #2 - Posaune,Umpa-Umpa Umtata #2 POS,FNSKU_NOT_IN_REPORT,
XW-562.03,live,ACTIVE,Umpa Umpa Umtata #2 - 2. Stimme in B (tief),UUU#2 2B-t,UUU#2_2B-t,,,DIGITAL,5.00,5.50,,#2 Zusatzstimme in B (tief),,ZST UUU#2 - 2.St. B (tief),TITLE_DRIFT,ERP title differs
XW-562.03-P,live,ACTIVE,Umpa Umpa Umtata #2 - 2. Stimme in B (tief),UUU#2 2B-t,UUU#2_2B-t_P,,,PRINT_AT_HOME,9.00,9.90,B2B,#2 Zusatzstimme in B (tief) 🖨️,Umpa-Umpa Umtata #2 / 2.Stimme in B (tief) [PRINT],ZST UUU#2_2B-tief,TITLE_DRIFT,ERP title differs
XW-562.04,live,ACTIVE,Umpa Umpa Umtata #2 - 2. Stimme in C,UUU#2 2C[BS],UUU#2_2C[BS],,,DIGITAL,5.00,5.50,,#2 Zusatzstimme in C [BS],,ZST UUU#2 - 2.St. C [BS],TITLE_DRIFT,ERP title differs
XW-562.04-P,live,ACTIVE,Umpa Umpa Umtata #2 - 2. Stimme in C,UUU#2 2C[BS],UUU#2_2C[BS]_P,,,PRINT_AT_HOME,9.00,9.90,B2B,#2 Zusatzstimme in C [BS] 🖨️,Umpa-Umpa Umtata #2 / 2.Stimme in C [BS] [PRINT],ZST UUU#2_2C [BS],TITLE_DRIFT,ERP title differs
XW-562.06,live,ACTIVE,Umpa Umpa Umtata #2 - Playalongs Trompete,UUU#2 PA TRP,UUU#2_PA-TRP,,,PLAYALONG,5.00,5.50,,#2 Playalongs TRP,,Playalongs UUU#2 TRP,TITLE_DRIFT,ERP title differs
XW-562.07,live,ACTIVE,Umpa Umpa Umtata #2 - Playalongs Posaune,UUU#2 PA POS,UUU#2_PA-POS,,,PLAYALONG,5.00,5.50,,#2 Playalongs POS,,Playalongs UUU#2 POS,TITLE_DRIFT,ERP title differs
XW-562.13,live,ACTIVE,Umpa Umpa Umtata #2 - 2. Stimme in B (hoch),UUU#2 2B-h,UUU#2_2B-h,,,DIGITAL,5.00,5.50,,#2 Zusatzstimme in B (hoch),,ZST UUU#2 - 2.St. B (hoch),TITLE_DRIFT,ERP title differs
XW-562.13-P,live,ACTIVE,Umpa Umpa Umtata #2 - 2. Stimme in B (hoch),UUU#2 2B-h,UUU#2_2B-h_P,,,PRINT_AT_HOME,9.00,9.90,B2B,#2 Zusatzstimme in B (hoch) 🖨️,Umpa-Umpa Umtata #2 / 2.Stimme in B (hoch) [PRINT],ZST UUU#2_2B-hoch,TITLE_DRIFT,ERP title differs
XW-562.14,live,ACTIVE,Umpa Umpa Umtata #2 - 2. Stimme in F,UUU#2 2F,UUU#2_2F,,,DIGITAL,5.00,5.50,,#2 Zusatzstimme in F,,ZST UUU#2 - 2.St. F,TITLE_DRIFT,ERP title differs
XW-562.14-P,live,ACTIVE,Umpa Umpa Umtata #2 - 2. Stimme in F,UUU#2 2F,UUU#2_2F_P,,,PRINT_AT_HOME,9.00,9.90,B2B,#2 Zusatzstimme in F 🖨️,Umpa-Umpa Umtata #2 / 2.Stimme in F [PRINT],ZST UUU#2_2F,TITLE_DRIFT,ERP title differs
XW-600,review,EXTERNAL_ONLY,Div. Blechhaufn-Noten unveröffentlicht,Div. Blechhaufn-Noten unveröffentlicht,DIV_BLECHHAUFN_NOTEN_UNVEROE,,,PHYSICAL,45.00,49.50,,,,Div. Blechhaufn-Noten unveröffentlicht,NOT_IN_XLSX_SOT,
XW-600.0,review,EXTERNAL_ONLY,Diverse Noten,Diverse Noten,DIVERSE_NOTEN_P,,,PRINT_AT_HOME,45.00,49.50,,,,Diverse Noten,NOT_IN_XLSX_SOT,
XW-600.1,review,EXTERNAL_ONLY,Diverse BH-Noten,Diverse BH-Noten,DIVERSE_BH_NOTEN,,,PHYSICAL,45.00,49.50,,,,Diverse BH-Noten,NOT_IN_XLSX_SOT,
XW-600.2,review,EXTERNAL_ONLY,Diverse BH-Noten,Diverse BH-Noten,DIVERSE_BH_NOTEN,,,PHYSICAL,45.00,49.50,B2B,,Nicht mehr erhältlich,Diverse BH-Noten,NOT_IN_XLSX_SOT|PRICE_DRIFT_WIX,"Wix gross=39.90, master gross=49.50"
XW-600.3,review,EXTERNAL_ONLY,Diverse BH-Noten,Diverse BH-Noten,DIVERSE_BH_NOTEN,,,PHYSICAL,45.00,49.50,,,,Diverse BH-Noten,NOT_IN_XLSX_SOT,
XW-600.4,review,EXTERNAL_ONLY,Diverse BH-Noten,Diverse BH-Noten,DIVERSE_BH_NOTEN,,,PHYSICAL,45.00,49.50,,,,Diverse BH-Noten,NOT_IN_XLSX_SOT,
XW-600.5,review,EXTERNAL_ONLY,Diverse BH-Noten,Diverse BH-Noten,DIVERSE_BH_NOTEN,,,PHYSICAL,45.00,49.50,,,,Diverse BH-Noten,NOT_IN_XLSX_SOT,
XW-600.6,review,EXTERNAL_ONLY,Diverse BH-Noten,Diverse BH-Noten,DIVERSE_BH_NOTEN_P,,,PRINT_AT_HOME,45.00,49.50,,,,Diverse BH-Noten,NOT_IN_XLSX_SOT,
XW-600.8,review,EXTERNAL_ONLY,Diverse Noten Leonhard,Diverse Noten Leonhard,DIVERSE_NOTEN_LEONHARD,,,PHYSICAL,45.00,49.50,,,,Diverse Noten Leonhard,NOT_IN_XLSX_SOT,
XW-601.2,review,EXTERNAL_ONLY,Die Waldhütte,Die Waldhütte,DIE_WALDHUETTE,,,PHYSICAL,40.82,44.90,,,,Die Waldhütte,NOT_IN_XLSX_SOT,
XW-6012,live,ACTIVE,BH-Polka [Kleine Besetzung],BH-Polka [Kl.Bes.],BH_POLKA_KB,Kleine Besetzung,,PHYSICAL,29.00,31.90,B2B,BH-Polka,BH Polka [Kleine Besetzung] || Bier-Polka [Kleine Besetzung],BH-Polka,DUPLICATE_WIX_SKU,Wix SKU appears 2x
XW-6013,live,ACTIVE,Morgenrot [Kleine Besetzung],Morgenrot [Kl.Bes.],MORGENROT_KB,Kleine Besetzung,,PHYSICAL,29.00,31.90,B2B,Morgenrot,Morgenrot [Kleine Besetzung],Morgenrot,PRICE_DRIFT_ERP,"ERP net=26.58, master net=29.00"
XW-602.1,review,EXTERNAL_ONLY,Einen Blick schenkst du mir [Musikkapelle],Einen Blick schenkst du mir [MK],EINEN_BLICK_SCHENKST_DU_MIR_MK,Musikkapelle,,PHYSICAL,27.18,29.90,B2B,,Einen Blick schenkst du mir [Kleine Böhmische Besetzung],,NOT_IN_XLSX_SOT,
XW-602.2,review,EXTERNAL_ONLY,Einen Blick schenkst du mir [Musikkapelle],Einen Blick schenkst du mir [MK],EINEN_BLICK_SCHENKST_DU_MIR_MK,Musikkapelle,,PHYSICAL,40.82,44.90,B2B,,Einen Blick schenkst du mir [Blasorchester-Besetzung],Einen Blick schenkst du mir,NOT_IN_XLSX_SOT,
XW-603.2,review,EXTERNAL_ONLY,Glück auf,Glück auf,GLUECK_AUF,,,PHYSICAL,40.82,44.90,,,,Glück auf,NOT_IN_XLSX_SOT,
XW-604.2,review,EXTERNAL_ONLY,Himmelsthron,Himmelsthron,HIMMELSTHRON,,,PHYSICAL,40.82,44.90,,,,Himmelsthron,NOT_IN_XLSX_SOT,
XW-605.2,review,EXTERNAL_ONLY,Veilchen-Polka,Veilchen-Polka,VEILCHEN_POLKA,,,PHYSICAL,40.82,44.90,,,,Veilchen-Polka,NOT_IN_XLSX_SOT,
XW-606.2,review,EXTERNAL_ONLY,Lorete Walzer,Lorete Walzer,LORETE_WALZER,,,PHYSICAL,40.82,44.90,,,,Lorete Walzer,NOT_IN_XLSX_SOT,
XW-608.2,review,EXTERNAL_ONLY,Sonnenuntergang am Berg,Sonnenuntergang am Berg,SONNENUNTERGANG_AM_BERG,,,PHYSICAL,40.82,44.90,,,,Sonnenuntergang am Berg,NOT_IN_XLSX_SOT,
XW-609.2,review,EXTERNAL_ONLY,Kinderträume,Kinderträume,KINDERTRAEUME,,,PHYSICAL,40.82,44.90,,,,Kinderträume,NOT_IN_XLSX_SOT,
XW-610.1,review,EXTERNAL_ONLY,Neverna Milenka [Böhmische Besetzung],Neverna Milenka [Böhm.],NEVERNA_MILENKA_BOE,Böhmische Besetzung,,PHYSICAL,34.45,37.90,,,,Neverna Milenka,NOT_IN_XLSX_SOT,
XW-611.2,review,EXTERNAL_ONLY,Bier Polka,Bier Polka,BIER_POLKA,,,PHYSICAL,40.82,44.90,,,,Bier Polka,NOT_IN_XLSX_SOT,
XW-612.1,review,EXTERNAL_ONLY,Smutna Deva [Böhmische Besetzung],Smutna Deva [Böhm.],SMUTNA_DEVA_BOE,Böhmische Besetzung,,PHYSICAL,34.45,37.90,,,,Smutna Deva,NOT_IN_XLSX_SOT,
XW-619.1,review,EXTERNAL_ONLY,Schöne Maderl [Böhmische Besetzung],Schöne Maderl [Böhm.],SCHOENE_MADERL_BOE,Böhmische Besetzung,,PHYSICAL,34.45,37.90,,,,Schöne Maderl,NOT_IN_XLSX_SOT,
XW-620.1,review,EXTERNAL_ONLY,Tschecharanka Polka [Böhmische Besetzung],Tschecharanka Polka [Böhm.],TSCHECHARANKA_POLKA_BOE,Böhmische Besetzung,,PHYSICAL,34.45,37.90,,,,Tschecharanka Polka,NOT_IN_XLSX_SOT,
XW-6205,live,ACTIVE,Für die Hochzeit [Böhmische Besetzung],Für die Hochzeit [Böhm.],FUER_DIE_HOCHZEIT_BOE,Böhmische Besetzung,,PHYSICAL,39.00,42.90,B2B,Für die Hochzeit,Für die Hochzeit,Für die Hochzeit,PRICE_DRIFT_ERP,"ERP net=42.90, master net=39.00"
XW-621.2,review,EXTERNAL_ONLY,Weinkost [Böhmische Besetzung],Weinkost [Böhm.],WEINKOST_BOE,Böhmische Besetzung,,PHYSICAL,34.45,37.90,,,,Weinkost,NOT_IN_XLSX_SOT,
XW-6213,live,ACTIVE,Sidonje Polka [Böhmische Besetzung],Sidonje Polka [Böhm.],SIDONJE_POLKA_BOE,Böhmische Besetzung,,PHYSICAL,39.00,42.90,B2B,Sidonje Polka,Sidonje Polka [Böhmische Besetzung],Sidonje Polka,PRICE_DRIFT_ERP,"ERP net=40.09, master net=39.00"
XW-6214,live,ACTIVE,Morgenrot [Böhmische Besetzung],Morgenrot [Böhm.],MORGENROT_BOE,Böhmische Besetzung,,PHYSICAL,39.00,42.90,B2B,Morgenrot,Morgenrot [Böhmische Besetzung],Morgenrot,PRICE_DRIFT_ERP,"ERP net=35.75, master net=39.00"
XW-6403,live,ACTIVE,Přátelům [Blasmusik Supergroup],Přátelům [BSG],P_TEL_M_BSG,Blasmusik Supergroup,,PHYSICAL,59.00,64.90,B2B,Přátelům,Přátelům,,PRICE_DRIFT_WIX,"Wix gross=69.00, master gross=64.90"
XW-6404,live,ACTIVE,Řeka Mississippi [Blasmusik Supergroup],Řeka Mississippi [BSG],EKA_MISSISSIPPI_BSG,Blasmusik Supergroup,,PHYSICAL,59.00,64.90,B2B,Řeka Mississippi,Reka Mississippi,,PRICE_DRIFT_WIX,"Wix gross=69.00, master gross=64.90"
XW-6603,live,ACTIVE,Die Waldhütte [Musikkapelle],Die Waldhütte [MK],DIE_WALDHUETTE_MK,Musikkapelle,,PHYSICAL,49.00,53.90,B2B,Die Waldhütte,Die Waldhütte [Musikkapelle],Glück auf,TITLE_DRIFT,ERP title differs
XW-6607,live,ACTIVE,Lorete Walzer [Musikkapelle],Lorete Walzer [MK],LORETE_WALZER_MK,Musikkapelle,,PHYSICAL,49.00,53.90,B2B,Lorete Walzer,Lorete Walzer [Musikkapelle],Sidonje Polka,TITLE_DRIFT,ERP title differs
XW-6611,live,ACTIVE,Morgenrot [Musikkapelle],Morgenrot [MK],MORGENROT_MK,Musikkapelle,,PHYSICAL,49.00,53.90,B2B,Morgenrot,Morgenrot [Musikkapelle],Morgenrot,PRICE_DRIFT_ERP,"ERP net=44.92, master net=49.00"
XW-6801,live,ACTIVE,Astronaut [Sinfonisches Blasorchester],Astronaut [SBO],ASTRONAUT_SBO,Sinfonisches Blasorchester,,PHYSICAL,77.18,84.90,B2B,Astronaut,Astronaut,Astronaut,PRICE_DRIFT_WIX,"Wix gross=86.90, master gross=84.90"
XW-701,review,EXTERNAL_ONLY,Flotter Dreier,Flotter Dreier,FLOTTER_DREIER,,,DIGITAL,11.73,12.90,,,,Flotter Dreier,NOT_IN_XLSX_SOT,
XW-702,review,EXTERNAL_ONLY,Niel Gow's Lament For His Second Wife,Niel Gow's Lament For His Second Wife,NIEL_GOW_S_LAMENT_FOR_HIS_SE,,,DIGITAL,11.73,12.90,,,,Niel Gow's Lament For His Second Wife,NOT_IN_XLSX_SOT,
XW-703,review,EXTERNAL_ONLY,Für Weihnachten bereit,Für Weihnachten bereit,FUER_WEIHNACHTEN_BEREIT,,,PHYSICAL,27.18,29.90,B2B,,Für Weihnachten bereit,Für Weihnachten bereit,NOT_IN_XLSX_SOT,
XW-704,review,EXTERNAL_ONLY,"Nein, ich will nicht lieber...","Nein, ich will nicht lieber...",NEIN_ICH_WILL_NICHT_LIEBER,,,PHYSICAL,18.09,19.90,B2B,,"Nein, ich will nicht lieber Piccoloflöte spielen!","Nein, ich will nicht lieber...",NOT_IN_XLSX_SOT,
XW-704.2,review,EXTERNAL_ONLY,"Nein, ich will nicht lieber...","Nein, ich will nicht lieber...",NEIN_ICH_WILL_NICHT_LIEBER,,,PHYSICAL,22.64,24.90,,,,"Nein, ich will nicht lieber...",NOT_IN_XLSX_SOT,
XW-705,review,EXTERNAL_ONLY,BlechAlong #1,BlechAlong #1,BLECHALONG_1,,,PHYSICAL,26.82,29.50,,,,BlechAlong #1,NOT_IN_XLSX_SOT,
XW-801,review,EXTERNAL_ONLY,"CD ""vorÜbermorgen""","CD ""vorÜbermorgen""",CD_VORUEBERMORGEN,,,PHYSICAL,14.92,16.41,B2B,,vorÜbermorgen,"CD ""vorÜbermorgen""",NOT_IN_XLSX_SOT|PRICE_DRIFT_WIX,"Wix gross=17.90, master gross=16.41"
XW-802,review,EXTERNAL_ONLY,Tierzuliebe,Tierzuliebe,TIERZULIEBE,,,PHYSICAL,16.27,17.90,B2B,,Tierzuliebe,,NOT_IN_XLSX_SOT,
XW-803,review,EXTERNAL_ONLY,Betörend Röhrend,Betörend Röhrend,BETOEREND_ROEHREND,,,PHYSICAL,14.92,16.41,B2B,,Betörend Röhrend,Betörend Röhrend,NOT_IN_XLSX_SOT|PRICE_DRIFT_WIX,"Wix gross=17.90, master gross=16.41"
XW-804,review,EXTERNAL_ONLY,"CD ""Entertainment live""","CD ""Entertainment live""",CD_ENTERTAINMENT_LIVE,,,PHYSICAL,14.92,16.41,B2B,,Entertainment live,"CD ""Entertainment live""",NOT_IN_XLSX_SOT|PRICE_DRIFT_WIX,"Wix gross=17.90, master gross=16.41"
XW-805,review,EXTERNAL_ONLY,BH,BH,BH,,,PHYSICAL,16.27,17.90,B2B,,BH,,NOT_IN_XLSX_SOT,
XW-806,review,EXTERNAL_ONLY,"CD ""On The Road""","CD ""On The Road""",CD_ON_THE_ROAD,,,PHYSICAL,14.92,16.41,B2B,,On The Road,"CD ""On The Road""",NOT_IN_XLSX_SOT|PRICE_DRIFT_WIX,"Wix gross=17.90, master gross=16.41"
XW-807,review,EXTERNAL_ONLY,"""BH-XXL""-CD","""BH-XXL""-CD",BH_XXL_CD,,,PHYSICAL,14.92,16.41,B2B,,BH XXL,"""BH-XXL""-CD",NOT_IN_XLSX_SOT|PRICE_DRIFT_WIX,"Wix gross=17.90, master gross=16.41"
XW-808,review,EXTERNAL_ONLY,"CD ""Wirtshausrunde""","CD ""Wirtshausrunde""",CD_WIRTSHAUSRUNDE,,,PHYSICAL,14.92,16.41,B2B,,Wirtshausrunde,"CD ""Wirtshausrunde""",NOT_IN_XLSX_SOT|PRICE_DRIFT_WIX,"Wix gross=17.90, master gross=16.41"
XW-809,review,EXTERNAL_ONLY,"CD ""Home""","CD ""Home""",CD_HOME,,,PHYSICAL,14.92,16.41,B2B,,Home [feat. Christoph Moschberger],"CD ""Home""",NOT_IN_XLSX_SOT|PRICE_DRIFT_WIX,"Wix gross=17.90, master gross=16.41"
XW-810,review,EXTERNAL_ONLY,"CD ""Well Done""","CD ""Well Done""",CD_WELL_DONE,,,PHYSICAL,16.58,18.24,B2B,,Well Done,"CD ""Well Done""",NOT_IN_XLSX_SOT|PRICE_DRIFT_WIX,"Wix gross=19.90, master gross=18.24"
XW-811,review,EXTERNAL_ONLY,Schöne Maderl,Schöne Maderl,SCHOENE_MADERL,,,PHYSICAL,19.91,21.90,,,,Schöne Maderl,NOT_IN_XLSX_SOT,
XW-812,review,EXTERNAL_ONLY,Für schöne Stunden,Für schöne Stunden,FUER_SCHOENE_STUNDEN,,,PHYSICAL,19.91,21.90,,,,Für schöne Stunden,NOT_IN_XLSX_SOT,
XW-813,review,EXTERNAL_ONLY,undefined,undefined,UNDEFINED,,,PHYSICAL,0.00,0.00,,,,undefined,NOT_IN_XLSX_SOT,
